id,name,gender,age,degree,stream,college_name,placement_status,gpa,years_of_experience,log_salary,exp_salary_interaction,is_fresher
1,John Doe,Male,25,Bachelor's,Computer Science,Harvard University,Placed,3.7,2.0,11.002116507732017,120000.0,0
2,Jane Smith,Female,24,Bachelor's,Electrical Engineering,Massachusetts Institute of Technology,Placed,3.6,1.0,11.082157933374816,65000.0,0
3,Michael Johnson,Male,26,Bachelor's,Mechanical Engineering,Stanford University,Placed,3.8,3.0,10.968215530759236,174000.0,0
5,David Brown,Male,24,Bachelor's,Computer Science,Princeton University,Placed,3.9,2.0,11.034905792929415,124000.0,0
6,Sarah Wilson,Female,25,Bachelor's,Electronics and Communication,Columbia University,Placed,3.7,1.0,11.050905878263567,63000.0,0
7,James Martinez,Male,26,Bachelor's,Information Technology,California Institute of Technology,Placed,3.8,3.0,10.985309671896763,177000.0,0
9,Alexander Taylor,Male,25,Bachelor's,Electrical Engineering,University of Pennsylvania,Placed,3.7,2.0,11.06665398721974,128000.0,0
10,Samantha Anderson,Female,23,Bachelor's,Mechanical Engineering,Northwestern University,Placed,3.5,1.0,10.950824090522445,57000.0,0
11,William Hernandez,Male,24,Bachelor's,Computer Science,Duke University,Placed,3.9,2.0,11.0186455364637,122000.0,0
13,Daniel Martinez,Male,26,Bachelor's,Information Technology,University of California--Berkeley,Placed,3.7,2.0,11.050905878263567,126000.0,0
14,Mia Gonzalez,Female,24,Bachelor's,Computer Science,University of Michigan--Ann Arbor,Placed,3.6,1.0,11.06665398721974,64000.0,0
15,Alexander Rodriguez,Male,23,Bachelor's,Electrical Engineering,University of California--Los Angeles,Placed,3.8,3.0,11.097425172408931,198000.0,0
17,Ethan Turner,Male,26,Bachelor's,Computer Science,University of Wisconsin--Madison,Placed,3.9,2.0,11.0186455364637,122000.0,0
18,Olivia Moore,Female,24,Bachelor's,Electronics and Communication,University of Illinois--Urbana-Champaign,Placed,3.8,1.0,11.034905792929415,62000.0,0
19,Mason Parker,Male,23,Bachelor's,Information Technology,University of North Carolina--Chapel Hill,Placed,3.7,2.0,10.985309671896763,118000.0,0
20,Amelia Rivera,Female,25,Bachelor's,Computer Science,University of Washington,Placed,3.6,1.0,11.082157933374816,65000.0,0
21,Lucas Reed,Male,24,Bachelor's,Electrical Engineering,University of California--San Diego,Placed,3.5,3.0,11.112462823634855,201000.0,0
23,Aiden Ward,Male,23,Bachelor's,Computer Science,University of California--Santa Barbara,Placed,3.7,2.0,11.002116507732017,120000.0,0
24,Charlotte Ross,Female,25,Bachelor's,Electronics and Communication,University of Southern California,Placed,3.6,1.0,11.050905878263567,63000.0,0
25,Owen Brooks,Male,26,Bachelor's,Information Technology,University of Florida,Placed,3.9,2.0,11.002116507732017,120000.0,0
27,Jack Bailey,Male,23,Bachelor's,Electrical Engineering,University of Maryland--College Park,Placed,3.7,2.0,11.06665398721974,128000.0,0
28,Natalie Murphy,Female,25,Bachelor's,Mechanical Engineering,University of California--Davis,Placed,3.5,1.0,11.097425172408931,66000.0,0
29,Liam Russell,Male,24,Bachelor's,Computer Science,University of Pittsburgh,Placed,3.7,2.0,10.985309671896763,118000.0,0
30,Chloe Peterson,Female,26,Bachelor's,Electronics and Communication,University of Colorado--Boulder,Placed,3.6,1.0,11.034905792929415,62000.0,0
31,Elijah Kelly,Male,23,Bachelor's,Information Technology,University of Rochester,Placed,3.9,2.0,11.0186455364637,122000.0,0
33,Lucas Reed,Male,26,Bachelor's,Electrical Engineering,Rice University,Placed,3.5,3.0,11.082157933374816,195000.0,0
34,Sophia Price,Female,24,Bachelor's,Electronics and Communication,University of California--Irvine,Placed,3.6,1.0,11.06665398721974,64000.0,0
35,Mason Parker,Male,23,Bachelor's,Information Technology,Georgetown University,Placed,3.7,2.0,11.112462823634855,134000.0,0
37,William Hernandez,Male,24,Bachelor's,Information Technology,University of Notre Dame,Placed,3.7,2.0,11.050905878263567,126000.0,0
38,Amelia Rivera,Female,26,Bachelor's,Computer Science,University of Iowa,Placed,3.8,3.0,11.034905792929415,186000.0,0
39,Ethan Turner,Male,23,Bachelor's,Electrical Engineering,University of California--Santa Cruz,Placed,3.7,2.0,11.002116507732017,120000.0,0
40,Isabella Perez,Female,25,Bachelor's,Mechanical Engineering,University of Connecticut,Placed,3.5,1.0,11.0186455364637,61000.0,0
42,Mia Gonzalez,Female,26,Bachelor's,Electronics and Communication,University of Delaware,Placed,3.7,1.0,11.082157933374816,65000.0,0
43,Alexander Rodriguez,Male,23,Bachelor's,Information Technology,University of California--San Francisco,Placed,3.8,3.0,11.097425172408931,198000.0,0
44,Olivia Moore,Female,25,Bachelor's,Computer Science,University of Texas--Dallas,Placed,3.6,1.0,11.050905878263567,63000.0,0
45,Jack Bailey,Male,26,Bachelor's,Electrical Engineering,University of Virginia,Placed,3.9,2.0,11.06665398721974,128000.0,0
47,Owen Brooks,Male,23,Bachelor's,Computer Science,University of California--San Diego,Placed,3.7,2.0,11.082157933374816,130000.0,0
48,Grace Watson,Female,25,Bachelor's,Electronics and Communication,University of Texas--Austin,Placed,3.8,3.0,11.097425172408931,198000.0,0
49,Liam Russell,Male,26,Bachelor's,Information Technology,University of California--Los Angeles,Placed,3.9,3.0,11.112462823634855,201000.0,0
50,Chloe Peterson,Female,24,Bachelor's,Computer Science,University of Michigan--Ann Arbor,Placed,3.9,3.0,11.127277689932466,204000.0,0
52,Anna Cooper,Female,25,Bachelor's,Mechanical Engineering,University of Washington,Placed,3.8,3.0,11.112462823634855,201000.0,0
53,Lucas Reed,Male,26,Bachelor's,Computer Science,University of California--Berkeley,Placed,3.9,3.0,11.097425172408931,198000.0,0
54,Sophia Price,Female,24,Bachelor's,Electronics and Communication,University of Illinois--Urbana-Champaign,Placed,3.8,3.0,11.082157933374816,195000.0,0
55,Mason Parker,Male,23,Bachelor's,Information Technology,University of Colorado--Boulder,Placed,3.7,2.0,11.097425172408931,132000.0,0
57,William Hernandez,Male,24,Bachelor's,Information Technology,University of Maryland--College Park,Placed,3.7,2.0,11.050905878263567,126000.0,0
58,Amelia Rivera,Female,26,Bachelor's,Computer Science,University of Rochester,Placed,3.8,3.0,11.034905792929415,186000.0,0
59,Ethan Turner,Male,23,Bachelor's,Electrical Engineering,University of California--Santa Cruz,Placed,3.7,2.0,11.002116507732017,120000.0,0
60,Isabella Perez,Female,25,Bachelor's,Mechanical Engineering,University of Connecticut,Placed,3.5,1.0,11.0186455364637,61000.0,0
62,Mia Gonzalez,Female,26,Bachelor's,Electronics and Communication,University of Delaware,Placed,3.7,1.0,11.082157933374816,65000.0,0
63,Alexander Rodriguez,Male,23,Bachelor's,Information Technology,University of California--San Francisco,Placed,3.8,3.0,11.097425172408931,198000.0,0
64,Olivia Moore,Female,25,Bachelor's,Computer Science,University of Texas--Dallas,Placed,3.6,1.0,11.050905878263567,63000.0,0
65,Jack Bailey,Male,26,Bachelor's,Electrical Engineering,University of Virginia,Placed,3.9,2.0,11.06665398721974,128000.0,0
67,Owen Brooks,Male,23,Bachelor's,Computer Science,University of California--San Diego,Placed,3.7,2.0,11.082157933374816,130000.0,0
68,Grace Watson,Female,25,Bachelor's,Electronics and Communication,University of Texas--Austin,Placed,3.8,3.0,11.097425172408931,198000.0,0
69,Liam Russell,Male,26,Bachelor's,Information Technology,University of California--Los Angeles,Placed,3.9,3.0,11.112462823634855,201000.0,0
70,Chloe Peterson,Female,24,Bachelor's,Computer Science,University of Michigan--Ann Arbor,Placed,3.9,3.0,11.127277689932466,204000.0,0
72,Anna Cooper,Female,25,Bachelor's,Mechanical Engineering,University of Washington,Placed,3.8,3.0,11.112462823634855,201000.0,0
73,Lucas Reed,Male,26,Bachelor's,Computer Science,University of California--Berkeley,Placed,3.9,3.0,11.097425172408931,198000.0,0
74,Sophia Price,Female,24,Bachelor's,Electronics and Communication,University of Illinois--Urbana-Champaign,Placed,3.8,3.0,11.082157933374816,195000.0,0
75,Mason Parker,Male,23,Bachelor's,Information Technology,University of Colorado--Boulder,Placed,3.7,2.0,11.097425172408931,132000.0,0
77,William Hernandez,Male,24,Bachelor's,Information Technology,University of Maryland--College Park,Placed,3.7,2.0,11.050905878263567,126000.0,0
78,Amelia Rivera,Female,26,Bachelor's,Computer Science,University of Rochester,Placed,3.8,3.0,11.034905792929415,186000.0,0
79,Ethan Turner,Male,23,Bachelor's,Electrical Engineering,University of California--Santa Cruz,Placed,3.7,2.0,11.002116507732017,120000.0,0
80,Isabella Perez,Female,25,Bachelor's,Mechanical Engineering,University of Connecticut,Placed,3.5,1.0,11.0186455364637,61000.0,0
82,Mia Gonzalez,Female,26,Bachelor's,Electronics and Communication,University of Delaware,Placed,3.7,1.0,11.082157933374816,65000.0,0
83,Alexander Rodriguez,Male,23,Bachelor's,Information Technology,University of California--San Francisco,Placed,3.8,3.0,11.097425172408931,198000.0,0
84,Olivia Moore,Female,25,Bachelor's,Computer Science,University of Texas--Dallas,Placed,3.6,1.0,11.050905878263567,63000.0,0
85,Jack Bailey,Male,26,Bachelor's,Electrical Engineering,University of Virginia,Placed,3.9,2.0,11.06665398721974,128000.0,0
87,Owen Brooks,Male,23,Bachelor's,Computer Science,University of California--San Diego,Placed,3.7,2.0,11.082157933374816,130000.0,0
88,Grace Watson,Female,25,Bachelor's,Electronics and Communication,University of Texas--Austin,Placed,3.8,3.0,11.097425172408931,198000.0,0
89,Liam Russell,Male,26,Bachelor's,Information Technology,University of California--Los Angeles,Placed,3.9,3.0,11.112462823634855,201000.0,0
90,Chloe Peterson,Female,24,Bachelor's,Computer Science,University of Michigan--Ann Arbor,Placed,3.9,3.0,11.127277689932466,204000.0,0
92,Anna Cooper,Female,25,Bachelor's,Mechanical Engineering,University of Washington,Placed,3.8,3.0,11.112462823634855,201000.0,0
93,Lucas Reed,Male,26,Bachelor's,Computer Science,University of California--Berkeley,Placed,3.9,3.0,11.097425172408931,198000.0,0
94,Sophia Price,Female,24,Bachelor's,Electronics and Communication,University of Illinois--Urbana-Champaign,Placed,3.8,3.0,11.082157933374816,195000.0,0
95,Mason Parker,Male,23,Bachelor's,Information Technology,University of Colorado--Boulder,Placed,3.7,2.0,11.097425172408931,132000.0,0
97,William Hernandez,Male,24,Bachelor's,Information Technology,University of Maryland--College Park,Placed,3.7,2.0,11.050905878263567,126000.0,0
98,Amelia Rivera,Female,26,Bachelor's,Computer Science,University of Rochester,Placed,3.8,3.0,11.034905792929415,186000.0,0
99,Ethan Turner,Male,23,Bachelor's,Electrical Engineering,University of California--Santa Cruz,Placed,3.7,2.0,11.002116507732017,120000.0,0
100,Isabella Perez,Female,25,Bachelor's,Mechanical Engineering,University of Connecticut,Placed,3.5,1.0,11.0186455364637,61000.0,0
102,Mia Gonzalez,Female,26,Bachelor's,Electronics and Communication,University of Delaware,Placed,3.7,1.0,11.082157933374816,65000.0,0
103,Alexander Rodriguez,Male,23,Bachelor's,Information Technology,University of California--San Francisco,Placed,3.8,3.0,11.097425172408931,198000.0,0
104,Olivia Moore,Female,25,Bachelor's,Computer Science,University of Texas--Dallas,Placed,3.6,1.0,11.050905878263567,63000.0,0
105,Jack Bailey,Male,26,Bachelor's,Electrical Engineering,University of Virginia,Placed,3.9,2.0,11.06665398721974,128000.0,0
107,Owen Brooks,Male,23,Bachelor's,Computer Science,University of California--San Diego,Placed,3.7,2.0,11.082157933374816,130000.0,0
108,Grace Watson,Female,25,Bachelor's,Electronics and Communication,University of Texas--Austin,Placed,3.8,3.0,11.097425172408931,198000.0,0
109,Liam Russell,Male,26,Bachelor's,Information Technology,University of California--Los Angeles,Placed,3.9,3.0,11.112462823634855,201000.0,0
110,Chloe Peterson,Female,24,Bachelor's,Computer Science,University of Michigan--Ann Arbor,Placed,3.9,3.0,11.127277689932466,204000.0,0
112,Anna Cooper,Female,25,Bachelor's,Mechanical Engineering,University of Washington,Placed,3.8,3.0,11.112462823634855,201000.0,0
113,Lucas Reed,Male,26,Bachelor's,Computer Science,University of California--Berkeley,Placed,3.9,3.0,11.097425172408931,198000.0,0
114,Sophia Price,Female,24,Bachelor's,Electronics and Communication,University of Illinois--Urbana-Champaign,Placed,3.8,3.0,11.082157933374816,195000.0,0
115,Mason Parker,Male,23,Bachelor's,Information Technology,University of Colorado--Boulder,Placed,3.7,2.0,11.097425172408931,132000.0,0
117,William Hernandez,Male,24,Bachelor's,Information Technology,University of Maryland--College Park,Placed,3.7,2.0,11.050905878263567,126000.0,0
118,Amelia Rivera,Female,26,Bachelor's,Computer Science,University of Rochester,Placed,3.8,3.0,11.034905792929415,186000.0,0
119,Ethan Turner,Male,23,Bachelor's,Electrical Engineering,University of California--Santa Cruz,Placed,3.7,2.0,11.002116507732017,120000.0,0
120,Isabella Perez,Female,25,Bachelor's,Mechanical Engineering,University of Connecticut,Placed,3.5,1.0,11.0186455364637,61000.0,0
122,Mia Gonzalez,Female,26,Bachelor's,Electronics and Communication,University of Delaware,Placed,3.7,1.0,11.082157933374816,65000.0,0
123,Alexander Rodriguez,Male,23,Bachelor's,Information Technology,University of California--San Francisco,Placed,3.8,3.0,11.097425172408931,198000.0,0
124,Olivia Moore,Female,25,Bachelor's,Computer Science,University of Texas--Dallas,Placed,3.6,1.0,11.050905878263567,63000.0,0
125,Jack Bailey,Male,26,Bachelor's,Electrical Engineering,University of Virginia,Placed,3.9,2.0,11.06665398721974,128000.0,0
127,Owen Brooks,Male,23,Bachelor's,Computer Science,University of California--San Diego,Placed,3.7,2.0,11.082157933374816,130000.0,0
128,Grace Watson,Female,25,Bachelor's,Electronics and Communication,University of Texas--Austin,Placed,3.8,3.0,11.097425172408931,198000.0,0
129,Liam Russell,Male,26,Bachelor's,Information Technology,University of California--Los Angeles,Placed,3.9,3.0,11.112462823634855,201000.0,0
130,Chloe Peterson,Female,24,Bachelor's,Computer Science,University of Michigan--Ann Arbor,Placed,3.9,3.0,11.127277689932466,204000.0,0
132,Anna Cooper,Female,25,Bachelor's,Mechanical Engineering,University of Washington,Placed,3.8,3.0,11.112462823634855,201000.0,0
133,Lucas Reed,Male,26,Bachelor's,Computer Science,University of California--Berkeley,Placed,3.9,3.0,11.097425172408931,198000.0,0
134,Sophia Price,Female,24,Bachelor's,Electronics and Communication,University of Illinois--Urbana-Champaign,Placed,3.8,3.0,11.082157933374816,195000.0,0
135,Mason Parker,Male,23,Bachelor's,Information Technology,University of Colorado--Boulder,Placed,3.7,2.0,11.097425172408931,132000.0,0
137,William Hernandez,Male,24,Bachelor's,Information Technology,University of Maryland--College Park,Placed,3.7,2.0,11.050905878263567,126000.0,0
138,Amelia Rivera,Female,26,Bachelor's,Computer Science,University of Rochester,Placed,3.8,3.0,11.034905792929415,186000.0,0
139,Ethan Turner,Male,23,Bachelor's,Electrical Engineering,University of California--Santa Cruz,Placed,3.7,2.0,11.002116507732017,120000.0,0
140,Isabella Perez,Female,25,Bachelor's,Mechanical Engineering,University of Connecticut,Placed,3.5,1.0,11.0186455364637,61000.0,0
142,Mia Gonzalez,Female,26,Bachelor's,Electronics and Communication,University of Delaware,Placed,3.7,1.0,11.082157933374816,65000.0,0
143,Alexander Rodriguez,Male,23,Bachelor's,Information Technology,University of California--San Francisco,Placed,3.8,3.0,11.097425172408931,198000.0,0
144,Olivia Moore,Female,25,Bachelor's,Computer Science,University of Texas--Dallas,Placed,3.6,1.0,11.050905878263567,63000.0,0
145,Jack Bailey,Male,26,Bachelor's,Electrical Engineering,University of Virginia,Placed,3.9,2.0,11.06665398721974,128000.0,0
147,Owen Brooks,Male,23,Bachelor's,Computer Science,University of California--San Diego,Placed,3.7,2.0,11.082157933374816,130000.0,0
148,Grace Watson,Female,25,Bachelor's,Electronics and Communication,University of Texas--Austin,Placed,3.8,3.0,11.097425172408931,198000.0,0
149,Liam Russell,Male,26,Bachelor's,Information Technology,University of California--Los Angeles,Placed,3.9,3.0,11.112462823634855,201000.0,0
150,Chloe Peterson,Female,24,Bachelor's,Computer Science,University of Michigan--Ann Arbor,Placed,3.9,3.0,11.127277689932466,204000.0,0
152,Anna Cooper,Female,25,Bachelor's,Mechanical Engineering,University of Washington,Placed,3.8,3.0,11.112462823634855,201000.0,0
153,Lucas Reed,Male,26,Bachelor's,Computer Science,University of California--Berkeley,Placed,3.9,3.0,11.097425172408931,198000.0,0
154,Sophia Price,Female,24,Bachelor's,Electronics and Communication,University of Illinois--Urbana-Champaign,Placed,3.8,3.0,11.082157933374816,195000.0,0
155,Mason Parker,Male,23,Bachelor's,Information Technology,University of Colorado--Boulder,Placed,3.7,2.0,11.097425172408931,132000.0,0
157,William Hernandez,Male,24,Bachelor's,Information Technology,University of Maryland--College Park,Placed,3.7,2.0,11.050905878263567,126000.0,0
158,Amelia Rivera,Female,26,Bachelor's,Computer Science,University of Rochester,Placed,3.8,3.0,11.034905792929415,186000.0,0
159,Ethan Turner,Male,23,Bachelor's,Electrical Engineering,University of California--Santa Cruz,Placed,3.7,2.0,11.002116507732017,120000.0,0
160,Isabella Perez,Female,25,Bachelor's,Mechanical Engineering,University of Connecticut,Placed,3.5,1.0,11.0186455364637,61000.0,0
162,Mia Gonzalez,Female,26,Bachelor's,Electronics and Communication,University of Delaware,Placed,3.7,1.0,11.082157933374816,65000.0,0
163,Alexander Rodriguez,Male,23,Bachelor's,Information Technology,University of California--San Francisco,Placed,3.8,3.0,11.097425172408931,198000.0,0
164,Olivia Moore,Female,25,Bachelor's,Computer Science,University of Texas--Dallas,Placed,3.6,1.0,11.050905878263567,63000.0,0
165,Jack Bailey,Male,26,Bachelor's,Electrical Engineering,University of Virginia,Placed,3.9,2.0,11.06665398721974,128000.0,0
167,Owen Brooks,Male,23,Bachelor's,Computer Science,University of California--San Diego,Placed,3.7,2.0,11.082157933374816,130000.0,0
168,Grace Watson,Female,25,Bachelor's,Electronics and Communication,University of Texas--Austin,Placed,3.8,3.0,11.097425172408931,198000.0,0
169,Liam Russell,Male,26,Bachelor's,Information Technology,University of California--Los Angeles,Placed,3.9,3.0,11.112462823634855,201000.0,0
170,Chloe Peterson,Female,24,Bachelor's,Computer Science,University of Michigan--Ann Arbor,Placed,3.9,3.0,11.127277689932466,204000.0,0
172,Anna Cooper,Female,25,Bachelor's,Mechanical Engineering,University of Washington,Placed,3.8,3.0,11.112462823634855,201000.0,0
173,Lucas Reed,Male,26,Bachelor's,Computer Science,University of California--Berkeley,Placed,3.9,3.0,11.097425172408931,198000.0,0
174,Sophia Price,Female,24,Bachelor's,Electronics and Communication,University of Illinois--Urbana-Champaign,Placed,3.8,3.0,11.082157933374816,195000.0,0
175,Mason Parker,Male,23,Bachelor's,Information Technology,University of Colorado--Boulder,Placed,3.7,2.0,11.097425172408931,132000.0,0
177,William Hernandez,Male,24,Bachelor's,Information Technology,University of Maryland--College Park,Placed,3.7,2.0,11.050905878263567,126000.0,0
178,Amelia Rivera,Female,26,Bachelor's,Computer Science,University of Rochester,Placed,3.8,3.0,11.034905792929415,186000.0,0
179,Ethan Turner,Male,23,Bachelor's,Electrical Engineering,University of California--Santa Cruz,Placed,3.7,2.0,11.002116507732017,120000.0,0
180,Isabella Perez,Female,25,Bachelor's,Mechanical Engineering,University of Connecticut,Placed,3.5,1.0,11.0186455364637,61000.0,0
182,Mia Gonzalez,Female,26,Bachelor's,Electronics and Communication,University of Delaware,Placed,3.7,1.0,11.082157933374816,65000.0,0
183,Alexander Rodriguez,Male,23,Bachelor's,Information Technology,University of California--San Francisco,Placed,3.8,3.0,11.097425172408931,198000.0,0
184,Olivia Moore,Female,25,Bachelor's,Computer Science,University of Texas--Dallas,Placed,3.6,1.0,11.050905878263567,63000.0,0
185,Jack Bailey,Male,26,Bachelor's,Electrical Engineering,University of Virginia,Placed,3.9,2.0,11.06665398721974,128000.0,0
187,Owen Brooks,Male,23,Bachelor's,Computer Science,University of California--San Diego,Placed,3.7,2.0,11.082157933374816,130000.0,0
188,Grace Watson,Female,25,Bachelor's,Electronics and Communication,University of Texas--Austin,Placed,3.8,3.0,11.097425172408931,198000.0,0
189,Emma Brown,Female,23,Bachelor's,Information Technology,University of Maryland--College Park,Placed,3.7,2.0,11.0186455364637,122000.0,0
190,Noah Garcia,Male,24,Bachelor's,Computer Science,University of Michigan--Ann Arbor,Placed,3.8,3.0,11.06665398721974,192000.0,0
191,Sophia Martinez,Female,25,Bachelor's,Electrical Engineering,University of California--Los Angeles,Placed,3.9,3.0,11.097425172408931,198000.0,0
192,Liam Rodriguez,Male,26,Bachelor's,Mechanical Engineering,University of Virginia,Placed,3.9,3.0,11.112462823634855,201000.0,0
193,Olivia Smith,Female,24,Bachelor's,Electronics and Communication,University of Texas--Austin,Placed,3.9,3.0,11.127277689932466,204000.0,0
195,Ava Williams,Female,25,Bachelor's,Information Technology,University of Washington,Placed,3.8,3.0,11.112462823634855,201000.0,0
196,Liam Brown,Male,26,Bachelor's,Electrical Engineering,University of California--Berkeley,Placed,3.9,3.0,11.097425172408931,198000.0,0
197,Amelia Smith,Female,24,Bachelor's,Mechanical Engineering,University of Illinois--Urbana-Champaign,Placed,3.8,3.0,11.082157933374816,195000.0,0
198,William Garcia,Male,23,Bachelor's,Electronics and Communication,University of Colorado--Boulder,Placed,3.7,2.0,11.097425172408931,132000.0,0
200,Elijah Garcia,Male,24,Bachelor's,Information Technology,University of Maryland--College Park,Placed,3.7,2.0,11.050905878263567,126000.0,0
201,Emma Brown,Female,23,Bachelor's,Computer Science,University of Michigan--Ann Arbor,Placed,3.8,3.0,11.06665398721974,192000.0,0
202,Noah Garcia,Male,24,Bachelor's,Electrical Engineering,University of California--Los Angeles,Placed,3.9,3.0,11.097425172408931,198000.0,0
203,Sophia Martinez,Female,25,Bachelor's,Mechanical Engineering,University of Virginia,Placed,3.9,3.0,11.112462823634855,201000.0,0
204,Liam Rodriguez,Male,26,Bachelor's,Electronics and Communication,University of Texas--Austin,Placed,3.9,3.0,11.127277689932466,204000.0,0
206,Ethan Johnson,Male,23,Bachelor's,Information Technology,University of Washington,Placed,3.8,3.0,11.112462823634855,201000.0,0
207,Ava Williams,Female,25,Bachelor's,Electrical Engineering,University of California--Berkeley,Placed,3.9,3.0,11.097425172408931,198000.0,0
208,Liam Brown,Male,26,Bachelor's,Mechanical Engineering,University of Illinois--Urbana-Champaign,Placed,3.8,3.0,11.082157933374816,195000.0,0
209,Amelia Smith,Female,24,Bachelor's,Electronics and Communication,University of Colorado--Boulder,Placed,3.7,2.0,11.097425172408931,132000.0,0
211,Olivia Brown,Female,25,Bachelor's,Information Technology,University of Maryland--College Park,Placed,3.7,2.0,11.050905878263567,126000.0,0
212,Elijah Garcia,Male,24,Bachelor's,Electrical Engineering,University of Michigan--Ann Arbor,Placed,3.8,3.0,11.06665398721974,192000.0,0
213,Emma Brown,Female,23,Bachelor's,Mechanical Engineering,University of California--Los Angeles,Placed,3.9,3.0,11.097425172408931,198000.0,0
214,Noah Garcia,Male,24,Bachelor's,Electronics and Communication,University of Virginia,Placed,3.9,3.0,11.112462823634855,201000.0,0
215,Sophia Martinez,Female,25,Bachelor's,Computer Science,University of Texas--Austin,Placed,3.9,3.0,11.127277689932466,204000.0,0
217,Olivia Smith,Female,24,Bachelor's,Electrical Engineering,University of Washington,Placed,3.8,3.0,11.112462823634855,201000.0,0
218,Ethan Johnson,Male,23,Bachelor's,Mechanical Engineering,University of California--Berkeley,Placed,3.9,3.0,11.097425172408931,198000.0,0
219,Ava Williams,Female,25,Bachelor's,Electronics and Communication,University of Illinois--Urbana-Champaign,Placed,3.8,3.0,11.082157933374816,195000.0,0
220,Liam Brown,Male,26,Bachelor's,Computer Science,University of Colorado--Boulder,Placed,3.7,2.0,11.097425172408931,132000.0,0
222,William Garcia,Male,23,Bachelor's,Electrical Engineering,University of Maryland--College Park,Placed,3.7,2.0,11.050905878263567,126000.0,0
223,Olivia Brown,Female,25,Bachelor's,Mechanical Engineering,University of Michigan--Ann Arbor,Placed,3.8,3.0,11.06665398721974,192000.0,0
224,Elijah Garcia,Male,24,Bachelor's,Electronics and Communication,University of California--Los Angeles,Placed,3.9,3.0,11.097425172408931,198000.0,0
225,Emma Brown,Female,23,Bachelor's,Computer Science,University of Virginia,Placed,3.9,3.0,11.112462823634855,201000.0,0
226,Noah Garcia,Male,24,Bachelor's,Information Technology,University of Texas--Austin,Placed,3.9,3.0,11.127277689932466,204000.0,0
228,Liam Rodriguez,Male,26,Bachelor's,Mechanical Engineering,University of Washington,Placed,3.8,3.0,11.112462823634855,201000.0,0
229,Olivia Smith,Female,24,Bachelor's,Electronics and Communication,University of California--Berkeley,Placed,3.9,3.0,11.097425172408931,198000.0,0
230,Ethan Johnson,Male,23,Bachelor's,Computer Science,University of Illinois--Urbana-Champaign,Placed,3.8,3.0,11.082157933374816,195000.0,0
231,Ava Williams,Female,25,Bachelor's,Information Technology,University of Colorado--Boulder,Placed,3.7,2.0,11.097425172408931,132000.0,0
233,Amelia Smith,Female,24,Bachelor's,Mechanical Engineering,University of Maryland--College Park,Placed,3.7,2.0,11.050905878263567,126000.0,0
234,William Garcia,Male,23,Bachelor's,Electronics and Communication,University of Michigan--Ann Arbor,Placed,3.8,3.0,11.06665398721974,192000.0,0
235,Olivia Brown,Female,25,Bachelor's,Computer Science,University of California--Los Angeles,Placed,3.9,3.0,11.097425172408931,198000.0,0
236,Elijah Garcia,Male,24,Bachelor's,Information Technology,University of Virginia,Placed,3.9,3.0,11.112462823634855,201000.0,0
237,Emma Brown,Female,23,Bachelor's,Electrical Engineering,University of Texas--Austin,Placed,3.9,3.0,11.127277689932466,204000.0,0
239,Sophia Martinez,Female,25,Bachelor's,Electronics and Communication,University of Washington,Placed,3.8,3.0,11.112462823634855,201000.0,0
240,Liam Rodriguez,Male,26,Bachelor's,Computer Science,University of California--Berkeley,Placed,3.9,3.0,11.097425172408931,198000.0,0
241,Olivia Smith,Female,24,Bachelor's,Information Technology,University of Illinois--Urbana-Champaign,Placed,3.8,3.0,11.082157933374816,195000.0,0
242,Ethan Johnson,Male,23,Bachelor's,Electrical Engineering,University of Colorado--Boulder,Placed,3.7,2.0,11.097425172408931,132000.0,0
244,Liam Brown,Male,26,Bachelor's,Electronics and Communication,University of Maryland--College Park,Placed,3.7,2.0,11.050905878263567,126000.0,0
245,Amelia Smith,Female,24,Bachelor's,Computer Science,University of Michigan--Ann Arbor,Placed,3.8,3.0,11.06665398721974,192000.0,0
246,William Garcia,Male,23,Bachelor's,Information Technology,University of California--Los Angeles,Placed,3.9,3.0,11.097425172408931,198000.0,0
247,Olivia Brown,Female,25,Bachelor's,Electrical Engineering,University of Virginia,Placed,3.9,3.0,11.112462823634855,201000.0,0
248,Elijah Garcia,Male,24,Bachelor's,Mechanical Engineering,University of Texas--Austin,Placed,3.9,3.0,11.127277689932466,204000.0,0
250,Noah Garcia,Male,24,Bachelor's,Computer Science,University of Washington,Placed,3.8,3.0,11.112462823634855,201000.0,0
251,Sophia Martinez,Female,25,Bachelor's,Information Technology,University of California--Berkeley,Placed,3.9,3.0,11.097425172408931,198000.0,0
252,Liam Rodriguez,Male,26,Bachelor's,Electrical Engineering,University of Illinois--Urbana-Champaign,Placed,3.8,3.0,11.082157933374816,195000.0,0
253,Olivia Smith,Female,24,Bachelor's,Mechanical Engineering,University of Colorado--Boulder,Placed,3.7,2.0,11.097425172408931,132000.0,0
255,Ava Williams,Female,25,Bachelor's,Computer Science,University of Maryland--College Park,Placed,3.7,2.0,11.050905878263567,126000.0,0
256,Liam Brown,Male,26,Bachelor's,Information Technology,University of Michigan--Ann Arbor,Placed,3.8,3.0,11.06665398721974,192000.0,0
257,Amelia Smith,Female,24,Bachelor's,Electrical Engineering,University of California--Los Angeles,Placed,3.9,3.0,11.097425172408931,198000.0,0
258,William Garcia,Male,23,Bachelor's,Mechanical Engineering,University of Virginia,Placed,3.9,3.0,11.112462823634855,201000.0,0
259,Olivia Brown,Female,25,Bachelor's,Electronics and Communication,University of Texas--Austin,Placed,3.9,3.0,11.127277689932466,204000.0,0
261,Emma Brown,Female,23,Bachelor's,Information Technology,University of Washington,Placed,3.8,3.0,11.112462823634855,201000.0,0
262,Noah Garcia,Male,24,Bachelor's,Electrical Engineering,University of California--Berkeley,Placed,3.9,3.0,11.097425172408931,198000.0,0
263,Sophia Martinez,Female,25,Bachelor's,Mechanical Engineering,University of Illinois--Urbana-Champaign,Placed,3.8,3.0,11.082157933374816,195000.0,0
264,Liam Rodriguez,Male,26,Bachelor's,Electronics and Communication,University of Colorado--Boulder,Placed,3.7,2.0,11.097425172408931,132000.0,0
266,Ethan Johnson,Male,23,Bachelor's,Information Technology,University of Maryland--College Park,Placed,3.7,2.0,11.050905878263567,126000.0,0
267,Ava Williams,Female,25,Bachelor's,Electrical Engineering,University of Michigan--Ann Arbor,Placed,3.8,3.0,11.06665398721974,192000.0,0
268,Liam Brown,Male,26,Bachelor's,Mechanical Engineering,University of California--Los Angeles,Placed,3.9,3.0,11.097425172408931,198000.0,0
269,Amelia Smith,Female,24,Bachelor's,Electronics and Communication,University of Virginia,Placed,3.9,3.0,11.112462823634855,201000.0,0
270,William Garcia,Male,23,Bachelor's,Computer Science,University of Texas--Austin,Placed,3.9,3.0,11.127277689932466,204000.0,0
272,Elijah Garcia,Male,24,Bachelor's,Electrical Engineering,University of Washington,Placed,3.8,3.0,11.112462823634855,201000.0,0
273,Emma Brown,Female,23,Bachelor's,Mechanical Engineering,University of California--Berkeley,Placed,3.9,3.0,11.097425172408931,198000.0,0
274,Noah Garcia,Male,24,Bachelor's,Electronics and Communication,University of Illinois--Urbana-Champaign,Placed,3.8,3.0,11.082157933374816,195000.0,0
275,Sophia Martinez,Female,25,Bachelor's,Computer Science,University of Colorado--Boulder,Placed,3.7,2.0,11.097425172408931,132000.0,0
276,Liam Rodriguez,Male,24,Bachelor's,Computer Science,University of California--San Diego,Placed,3.6,2.0,11.06665398721974,128000.0,0
277,Emily Watson,Female,25,Bachelor's,Electrical Engineering,University of Texas--Austin,Placed,3.7,2.0,11.082157933374816,130000.0,0
278,Nathan Garcia,Male,23,Bachelor's,Information Technology,University of California--Los Angeles,Placed,3.8,3.0,11.112462823634855,201000.0,0
279,Sophia Hernandez,Female,26,Bachelor's,Mechanical Engineering,University of Michigan--Ann Arbor,Placed,3.9,3.0,11.127277689932466,204000.0,0
281,Amelia Lee,Female,25,Bachelor's,Electronics and Communication,University of Washington,Placed,3.8,3.0,11.112462823634855,201000.0,0
282,Ethan Johnson,Male,23,Bachelor's,Information Technology,University of California--Berkeley,Placed,3.9,3.0,11.097425172408931,198000.0,0
283,Isabella Smith,Female,26,Bachelor's,Mechanical Engineering,University of Illinois--Urbana-Champaign,Placed,3.8,3.0,11.082157933374816,195000.0,0
284,Aiden Brown,Male,24,Bachelor's,Computer Science,University of Colorado--Boulder,Placed,3.7,2.0,11.097425172408931,132000.0,0
286,Lucas Taylor,Male,23,Bachelor's,Information Technology,University of Maryland--College Park,Placed,3.7,2.0,11.050905878263567,126000.0,0
287,Emma Martinez,Female,26,Bachelor's,Mechanical Engineering,University of Rochester,Placed,3.8,3.0,11.034905792929415,186000.0,0
288,Aiden Davis,Male,24,Bachelor's,Computer Science,University of California--Santa Cruz,Placed,3.7,2.0,11.002116507732017,120000.0,0
289,Mia Wilson,Female,23,Bachelor's,Electronics and Communication,University of Connecticut,Placed,3.5,1.0,11.0186455364637,61000.0,0
291,Emma Lopez,Female,24,Bachelor's,Mechanical Engineering,University of Delaware,Placed,3.7,1.0,11.082157933374816,65000.0,0
292,Oliver Rodriguez,Male,23,Bachelor's,Computer Science,University of California--San Francisco,Placed,3.8,3.0,11.097425172408931,198000.0,0
293,Chloe Hernandez,Female,26,Bachelor's,Electrical Engineering,University of Texas--Dallas,Placed,3.6,1.0,11.050905878263567,63000.0,0
294,Ava Lee,Female,24,Bachelor's,Information Technology,University of Virginia,Placed,3.9,2.0,11.06665398721974,128000.0,0
295,Liam Perez,Male,25,Bachelor's,Computer Science,University of California--Los Angeles,Placed,3.9,3.0,11.112462823634855,201000.0,0
296,Isabella Martinez,Female,23,Bachelor's,Electronics and Communication,University of Michigan--Ann Arbor,Placed,3.9,3.0,11.127277689932466,204000.0,0
298,Sophia Johnson,Female,24,Bachelor's,Mechanical Engineering,University of Washington,Placed,3.8,3.0,11.112462823634855,201000.0,0
299,Lucas Taylor,Male,23,Bachelor's,Computer Science,University of California--Berkeley,Placed,3.9,3.0,11.097425172408931,198000.0,0
300,Emma Martinez,Female,26,Bachelor's,Electronics and Communication,University of Illinois--Urbana-Champaign,Placed,3.8,3.0,11.082157933374816,195000.0,0
301,Aiden Davis,Male,24,Bachelor's,Computer Science,University of Colorado--Boulder,Placed,3.7,2.0,11.097425172408931,132000.0,0
303,Jack Garcia,Male,26,Bachelor's,Information Technology,University of Maryland--College Park,Placed,3.7,2.0,11.050905878263567,126000.0,0
304,Emma Lopez,Female,24,Bachelor's,Mechanical Engineering,University of Rochester,Placed,3.8,3.0,11.034905792929415,186000.0,0
305,Oliver Rodriguez,Male,23,Bachelor's,Computer Science,University of California--Santa Cruz,Placed,3.7,2.0,11.002116507732017,120000.0,0
306,Chloe Hernandez,Female,26,Bachelor's,Electrical Engineering,University of Connecticut,Placed,3.5,1.0,11.0186455364637,61000.0,0
308,Liam Perez,Male,25,Bachelor's,Computer Science,University of Delaware,Placed,3.7,1.0,11.082157933374816,65000.0,0
309,Isabella Martinez,Female,23,Bachelor's,Electronics and Communication,University of California--San Francisco,Placed,3.8,3.0,11.097425172408931,198000.0,0
310,Alexander Lee,Male,26,Bachelor's,Information Technology,University of Texas--Dallas,Placed,3.6,1.0,11.050905878263567,63000.0,0
311,Sophia Johnson,Female,24,Bachelor's,Mechanical Engineering,University of Virginia,Placed,3.9,2.0,11.06665398721974,128000.0,0
312,Lucas Taylor,Male,23,Bachelor's,Computer Science,University of California--Los Angeles,Placed,3.9,3.0,11.112462823634855,201000.0,0
313,Emma Martinez,Female,26,Bachelor's,Electronics and Communication,University of Michigan--Ann Arbor,Placed,3.9,3.0,11.127277689932466,204000.0,0
315,Mia Wilson,Female,23,Bachelor's,Electrical Engineering,University of Washington,Placed,3.8,3.0,11.112462823634855,201000.0,0
316,Jack Garcia,Male,26,Bachelor's,Information Technology,University of California--Berkeley,Placed,3.9,3.0,11.097425172408931,198000.0,0
317,Emma Lopez,Female,24,Bachelor's,Mechanical Engineering,University of Illinois--Urbana-Champaign,Placed,3.8,3.0,11.082157933374816,195000.0,0
318,Oliver Rodriguez,Male,23,Bachelor's,Computer Science,University of Colorado--Boulder,Placed,3.7,2.0,11.097425172408931,132000.0,0
320,Ava Lee,Female,24,Bachelor's,Information Technology,University of Maryland--College Park,Placed,3.7,2.0,11.050905878263567,126000.0,0
321,Liam Perez,Male,25,Bachelor's,Computer Science,University of Rochester,Placed,3.8,3.0,11.034905792929415,186000.0,0
322,Isabella Martinez,Female,23,Bachelor's,Electronics and Communication,University of California--Santa Cruz,Placed,3.7,2.0,11.002116507732017,120000.0,0
323,Alexander Lee,Male,26,Bachelor's,Information Technology,University of Connecticut,Placed,3.5,1.0,11.0186455364637,61000.0,0
325,Lucas Taylor,Male,23,Bachelor's,Computer Science,University of Delaware,Placed,3.7,1.0,11.082157933374816,65000.0,0
326,Emma Martinez,Female,26,Bachelor's,Electronics and Communication,University of California--San Francisco,Placed,3.8,3.0,11.097425172408931,198000.0,0
327,Aiden Davis,Male,24,Bachelor's,Computer Science,University of Texas--Dallas,Placed,3.6,1.0,11.050905878263567,63000.0,0
328,Mia Wilson,Female,23,Bachelor's,Electrical Engineering,University of Virginia,Placed,3.9,2.0,11.06665398721974,128000.0,0
329,Jack Garcia,Male,26,Bachelor's,Information Technology,University of Michigan--Ann Arbor,Placed,3.9,3.0,11.112462823634855,201000.0,0
331,Oliver Rodriguez,Male,23,Bachelor's,Computer Science,University of Washington,Placed,3.8,3.0,11.112462823634855,201000.0,0
332,Chloe Hernandez,Female,26,Bachelor's,Electrical Engineering,University of California--Los Angeles,Placed,3.9,3.0,11.097425172408931,198000.0,0
333,Ava Lee,Female,24,Bachelor's,Information Technology,University of California--Berkeley,Placed,3.9,3.0,11.082157933374816,195000.0,0
334,Liam Perez,Male,25,Bachelor's,Computer Science,University of Illinois--Urbana-Champaign,Placed,3.8,3.0,11.082157933374816,195000.0,0
335,Isabella Martinez,Female,23,Bachelor's,Electronics and Communication,University of Colorado--Boulder,Placed,3.7,2.0,11.097425172408931,132000.0,0
337,Sophia Johnson,Female,24,Bachelor's,Mechanical Engineering,University of Maryland--College Park,Placed,3.7,2.0,11.050905878263567,126000.0,0
338,Lucas Taylor,Male,23,Bachelor's,Computer Science,University of Rochester,Placed,3.8,3.0,11.034905792929415,186000.0,0
339,Emma Martinez,Female,26,Bachelor's,Electronics and Communication,University of California--Santa Cruz,Placed,3.7,2.0,11.002116507732017,120000.0,0
340,Aiden Davis,Male,24,Bachelor's,Computer Science,University of Connecticut,Placed,3.5,1.0,11.0186455364637,61000.0,0
342,Jack Garcia,Male,26,Bachelor's,Information Technology,University of Delaware,Placed,3.7,1.0,11.082157933374816,65000.0,0
343,Emma Lopez,Female,24,Bachelor's,Mechanical Engineering,University of California--San Francisco,Placed,3.8,3.0,11.097425172408931,198000.0,0
344,Oliver Rodriguez,Male,23,Bachelor's,Computer Science,University of Texas--Dallas,Placed,3.6,1.0,11.050905878263567,63000.0,0
345,Chloe Hernandez,Female,26,Bachelor's,Electrical Engineering,University of Virginia,Placed,3.9,2.0,11.06665398721974,128000.0,0
346,Ava Lee,Female,24,Bachelor's,Information Technology,University of Michigan--Ann Arbor,Placed,3.9,3.0,11.112462823634855,201000.0,0
348,Isabella Martinez,Female,23,Bachelor's,Electronics and Communication,University of Washington,Placed,3.8,3.0,11.112462823634855,201000.0,0
349,Alexander Lee,Male,26,Bachelor's,Information Technology,University of California--Berkeley,Placed,3.9,3.0,11.097425172408931,198000.0,0
350,Sophia Johnson,Female,24,Bachelor's,Mechanical Engineering,University of Illinois--Urbana-Champaign,Placed,3.8,3.0,11.082157933374816,195000.0,0
351,Lucas Taylor,Male,23,Bachelor's,Computer Science,University of Colorado--Boulder,Placed,3.7,2.0,11.097425172408931,132000.0,0
353,Aiden Davis,Male,24,Bachelor's,Computer Science,University of Maryland--College Park,Placed,3.7,2.0,11.050905878263567,126000.0,0
354,Mia Wilson,Female,23,Bachelor's,Electrical Engineering,University of Rochester,Placed,3.8,3.0,11.034905792929415,186000.0,0
355,Jack Garcia,Male,26,Bachelor's,Information Technology,University of California--Santa Cruz,Placed,3.7,2.0,11.002116507732017,120000.0,0
356,Emma Lopez,Female,24,Bachelor's,Mechanical Engineering,University of Connecticut,Placed,3.5,1.0,11.0186455364637,61000.0,0
358,Chloe Hernandez,Female,26,Bachelor's,Electrical Engineering,University of Delaware,Placed,3.7,1.0,11.082157933374816,65000.0,0
359,Ava Lee,Female,24,Bachelor's,Information Technology,University of California--San Francisco,Placed,3.8,3.0,11.097425172408931,198000.0,0
360,Liam Perez,Male,25,Bachelor's,Computer Science,University of Texas--Dallas,Placed,3.6,1.0,11.050905878263567,63000.0,0
361,Isabella Martinez,Female,23,Bachelor's,Electronics and Communication,University of Virginia,Placed,3.9,2.0,11.06665398721974,128000.0,0
362,Alexander Lee,Male,26,Bachelor's,Information Technology,University of Michigan--Ann Arbor,Placed,3.9,3.0,11.112462823634855,201000.0,0
364,Lucas Taylor,Male,23,Bachelor's,Computer Science,University of Washington,Placed,3.8,3.0,11.112462823634855,201000.0,0
365,Emma Martinez,Female,26,Bachelor's,Electronics and Communication,University of California--Berkeley,Placed,3.9,3.0,11.097425172408931,198000.0,0
366,Aiden Davis,Male,24,Bachelor's,Computer Science,University of Illinois--Urbana-Champaign,Placed,3.8,3.0,11.082157933374816,195000.0,0
367,Mia Wilson,Female,23,Bachelor's,Electrical Engineering,University of Colorado--Boulder,Placed,3.7,2.0,11.097425172408931,132000.0,0
369,Emma Lopez,Female,24,Bachelor's,Mechanical Engineering,University of Maryland--College Park,Placed,3.7,2.0,11.050905878263567,126000.0,0
370,Oliver Rodriguez,Male,23,Bachelor's,Computer Science,University of Rochester,Placed,3.8,3.0,11.034905792929415,186000.0,0
371,Chloe Hernandez,Female,26,Bachelor's,Electrical Engineering,University of California--Santa Cruz,Placed,3.7,2.0,11.002116507732017,120000.0,0
372,Ava Lee,Female,24,Bachelor's,Information Technology,University of Connecticut,Placed,3.5,1.0,11.0186455364637,61000.0,0
374,Isabella Martinez,Female,23,Bachelor's,Electronics and Communication,University of Delaware,Placed,3.7,1.0,11.082157933374816,65000.0,0
375,Alexander Lee,Male,26,Bachelor's,Information Technology,University of California--San Francisco,Placed,3.8,3.0,11.097425172408931,198000.0,0
376,Sophia Johnson,Female,24,Bachelor's,Mechanical Engineering,University of Texas--Dallas,Placed,3.6,1.0,11.050905878263567,63000.0,0
377,Lucas Taylor,Male,23,Bachelor's,Computer Science,University of Michigan--Ann Arbor,Placed,3.9,2.0,11.06665398721974,128000.0,0
378,Emma Martinez,Female,26,Bachelor's,Electronics and Communication,University of Virginia,Placed,3.9,3.0,11.112462823634855,201000.0,0
379,Aiden Davis,Male,24,Bachelor's,Computer Science,University of California--Los Angeles,Placed,3.8,3.0,11.112462823634855,201000.0,0
380,Mia Wilson,Female,23,Bachelor's,Electrical Engineering,University of California--Berkeley,Placed,3.7,2.0,11.097425172408931,132000.0,0
381,Jack Garcia,Male,26,Bachelor's,Information Technology,University of Illinois--Urbana-Champaign,Placed,3.8,3.0,11.082157933374816,195000.0,0
382,Emma Lopez,Female,24,Bachelor's,Mechanical Engineering,University of Colorado--Boulder,Placed,3.7,2.0,11.097425172408931,132000.0,0
384,Chloe Hernandez,Female,26,Bachelor's,Electrical Engineering,University of Maryland--College Park,Placed,3.7,2.0,11.050905878263567,126000.0,0
385,Ava Lee,Female,24,Bachelor's,Information Technology,University of Rochester,Placed,3.8,3.0,11.034905792929415,186000.0,0
386,Liam Perez,Male,25,Bachelor's,Computer Science,University of California--Santa Cruz,Placed,3.7,2.0,11.002116507732017,120000.0,0
387,Isabella Martinez,Female,23,Bachelor's,Electronics and Communication,University of Connecticut,Placed,3.5,1.0,11.0186455364637,61000.0,0
389,Sophia Johnson,Female,24,Bachelor's,Mechanical Engineering,University of Delaware,Placed,3.7,1.0,11.082157933374816,65000.0,0
390,Lucas Taylor,Male,23,Bachelor's,Computer Science,University of California--San Francisco,Placed,3.8,3.0,11.097425172408931,198000.0,0
391,Emma Martinez,Female,26,Bachelor's,Electronics and Communication,University of Texas--Dallas,Placed,3.6,1.0,11.050905878263567,63000.0,0
392,Aiden Davis,Male,24,Bachelor's,Computer Science,University of Virginia,Placed,3.9,2.0,11.06665398721974,128000.0,0
393,Mia Wilson,Female,23,Bachelor's,Electrical Engineering,University of Michigan--Ann Arbor,Placed,3.9,3.0,11.112462823634855,201000.0,0
395,Emma Lopez,Female,24,Bachelor's,Mechanical Engineering,University of Washington,Placed,3.8,3.0,11.112462823634855,201000.0,0
396,Oliver Rodriguez,Male,23,Bachelor's,Computer Science,University of California--Berkeley,Placed,3.9,3.0,11.097425172408931,198000.0,0
397,Chloe Hernandez,Female,26,Bachelor's,Electrical Engineering,University of Illinois--Urbana-Champaign,Placed,3.8,3.0,11.082157933374816,195000.0,0
398,Ava Lee,Female,24,Bachelor's,Information Technology,University of Colorado--Boulder,Placed,3.7,2.0,11.097425172408931,132000.0,0
400,Isabella Martinez,Female,23,Bachelor's,Electronics and Communication,University of Maryland--College Park,Placed,3.7,2.0,11.050905878263567,126000.0,0
401,Alexander Lee,Male,26,Bachelor's,Information Technology,University of Rochester,Placed,3.8,3.0,11.034905792929415,186000.0,0
402,Sophia Johnson,Female,24,Bachelor's,Mechanical Engineering,University of California--Santa Cruz,Placed,3.7,2.0,11.002116507732017,120000.0,0
403,Lucas Taylor,Male,23,Bachelor's,Computer Science,University of Connecticut,Placed,3.5,1.0,11.0186455364637,61000.0,0
405,Aiden Davis,Male,24,Bachelor's,Computer Science,University of Delaware,Placed,3.7,1.0,11.082157933374816,65000.0,0
406,Mia Wilson,Female,23,Bachelor's,Electronics and Communication,University of California--San Francisco,Placed,3.8,3.0,11.097425172408931,198000.0,0
407,Jack Garcia,Male,26,Bachelor's,Information Technology,University of Texas--Dallas,Placed,3.6,1.0,11.050905878263567,63000.0,0
408,Emma Lopez,Female,24,Bachelor's,Mechanical Engineering,University of Virginia,Placed,3.9,2.0,11.06665398721974,128000.0,0
409,Oliver Rodriguez,Male,23,Bachelor's,Computer Science,University of Michigan--Ann Arbor,Placed,3.9,3.0,11.112462823634855,201000.0,0
411,Ava Lee,Female,24,Bachelor's,Information Technology,University of Washington,Placed,3.8,3.0,11.112462823634855,201000.0,0
412,Liam Perez,Male,25,Bachelor's,Computer Science,University of California--Berkeley,Placed,3.9,3.0,11.097425172408931,198000.0,0
413,Isabella Martinez,Female,23,Bachelor's,Electronics and Communication,University of Illinois--Urbana-Champaign,Placed,3.8,3.0,11.082157933374816,195000.0,0
414,Alexander Lee,Male,26,Bachelor's,Information Technology,University of Colorado--Boulder,Placed,3.7,2.0,11.097425172408931,132000.0,0
416,Lucas Taylor,Male,23,Bachelor's,Computer Science,University of Maryland--College Park,Placed,3.7,2.0,11.050905878263567,126000.0,0
417,Emma Martinez,Female,26,Bachelor's,Electronics and Communication,University of Rochester,Placed,3.8,3.0,11.034905792929415,186000.0,0
418,Aiden Davis,Male,24,Bachelor's,Computer Science,University of California--Santa Cruz,Placed,3.7,2.0,11.002116507732017,120000.0,0
419,Mia Wilson,Female,23,Bachelor's,Electrical Engineering,University of Connecticut,Placed,3.5,1.0,11.0186455364637,61000.0,0
421,Emma Lopez,Female,24,Bachelor's,Mechanical Engineering,University of Delaware,Placed,3.7,1.0,11.082157933374816,65000.0,0
422,Oliver Rodriguez,Male,23,Bachelor's,Computer Science,University of California--San Francisco,Placed,3.8,3.0,11.097425172408931,198000.0,0
423,Chloe Hernandez,Female,26,Bachelor's,Electrical Engineering,University of Texas--Dallas,Placed,3.6,1.0,11.050905878263567,63000.0,0
424,Ava Lee,Female,24,Bachelor's,Information Technology,University of Virginia,Placed,3.9,2.0,11.06665398721974,128000.0,0
425,Liam Perez,Male,25,Bachelor's,Computer Science,University of Michigan--Ann Arbor,Placed,3.9,3.0,11.112462823634855,201000.0,0
427,Alexander Lee,Male,26,Bachelor's,Information Technology,University of Washington,Placed,3.8,3.0,11.112462823634855,201000.0,0
428,Sophia Johnson,Female,24,Bachelor's,Mechanical Engineering,University of California--Berkeley,Placed,3.9,3.0,11.097425172408931,198000.0,0
429,Lucas Taylor,Male,23,Bachelor's,Computer Science,University of Illinois--Urbana-Champaign,Placed,3.8,3.0,11.082157933374816,195000.0,0
430,Emma Martinez,Female,26,Bachelor's,Electronics and Communication,University of Colorado--Boulder,Placed,3.7,2.0,11.097425172408931,132000.0,0
432,Mia Wilson,Female,23,Bachelor's,Electrical Engineering,University of Maryland--College Park,Placed,3.7,2.0,11.050905878263567,126000.0,0
433,Jack Garcia,Male,26,Bachelor's,Information Technology,University of Rochester,Placed,3.8,3.0,11.034905792929415,186000.0,0
434,Emma Lopez,Female,24,Bachelor's,Mechanical Engineering,University of California--Santa Cruz,Placed,3.7,2.0,11.002116507732017,120000.0,0
435,Oliver Rodriguez,Male,23,Bachelor's,Computer Science,University of Connecticut,Placed,3.5,1.0,11.0186455364637,61000.0,0
437,Ava Lee,Female,24,Bachelor's,Information Technology,University of Delaware,Placed,3.7,1.0,11.082157933374816,65000.0,0
438,Liam Perez,Male,25,Bachelor's,Computer Science,University of California--San Francisco,Placed,3.8,3.0,11.097425172408931,198000.0,0
439,Isabella Martinez,Female,23,Bachelor's,Electronics and Communication,University of Texas--Dallas,Placed,3.6,1.0,11.050905878263567,63000.0,0
440,Alexander Lee,Male,26,Bachelor's,Information Technology,University of Virginia,Placed,3.9,2.0,11.06665398721974,128000.0,0
441,Sophia Johnson,Female,24,Bachelor's,Mechanical Engineering,University of Michigan--Ann Arbor,Placed,3.9,3.0,11.112462823634855,201000.0,0
443,Emma Martinez,Female,26,Bachelor's,Electronics and Communication,University of Washington,Placed,3.8,3.0,11.112462823634855,201000.0,0
444,Aiden Davis,Male,24,Bachelor's,Computer Science,University of California--Berkeley,Placed,3.9,3.0,11.097425172408931,198000.0,0
445,Mia Wilson,Female,23,Bachelor's,Electrical Engineering,University of Illinois--Urbana-Champaign,Placed,3.8,3.0,11.082157933374816,195000.0,0
446,Jack Garcia,Male,26,Bachelor's,Information Technology,University of Colorado--Boulder,Placed,3.7,2.0,11.097425172408931,132000.0,0
448,Oliver Rodriguez,Male,23,Bachelor's,Computer Science,University of Maryland--College Park,Placed,3.7,2.0,11.050905878263567,126000.0,0
449,Chloe Hernandez,Female,26,Bachelor's,Electrical Engineering,University of Rochester,Placed,3.8,3.0,11.034905792929415,186000.0,0
450,Ava Lee,Female,24,Bachelor's,Information Technology,University of California--Santa Cruz,Placed,3.7,2.0,11.002116507732017,120000.0,0
451,Liam Perez,Male,25,Bachelor's,Computer Science,University of Connecticut,Placed,3.5,1.0,11.0186455364637,61000.0,0
453,Alexander Lee,Male,26,Bachelor's,Information Technology,University of Delaware,Placed,3.7,1.0,11.082157933374816,65000.0,0
454,Sophia Johnson,Female,24,Bachelor's,Mechanical Engineering,University of California--San Francisco,Placed,3.8,3.0,11.097425172408931,198000.0,0
455,Lucas Taylor,Male,23,Bachelor's,Computer Science,University of Texas--Dallas,Placed,3.6,1.0,11.050905878263567,63000.0,0
456,Emma Martinez,Female,26,Bachelor's,Electronics and Communication,University of Virginia,Placed,3.9,2.0,11.06665398721974,128000.0,0
457,Aiden Davis,Male,24,Bachelor's,Computer Science,University of Michigan--Ann Arbor,Placed,3.9,3.0,11.112462823634855,201000.0,0
459,Jack Garcia,Male,26,Bachelor's,Information Technology,University of Washington,Placed,3.8,3.0,11.112462823634855,201000.0,0
460,Emma Lopez,Female,24,Bachelor's,Mechanical Engineering,University of California--Berkeley,Placed,3.9,3.0,11.097425172408931,198000.0,0
461,Oliver Rodriguez,Male,23,Bachelor's,Computer Science,University of Illinois--Urbana-Champaign,Placed,3.8,3.0,11.082157933374816,195000.0,0
462,Chloe Hernandez,Female,26,Bachelor's,Electrical Engineering,University of Colorado--Boulder,Placed,3.7,2.0,11.097425172408931,132000.0,0
464,Liam Perez,Male,25,Bachelor's,Computer Science,University of Maryland--College Park,Placed,3.7,2.0,11.050905878263567,126000.0,0
465,Isabella Martinez,Female,23,Bachelor's,Electronics and Communication,University of Rochester,Placed,3.8,3.0,11.034905792929415,186000.0,0
466,Alexander Lee,Male,26,Bachelor's,Information Technology,University of California--Santa Cruz,Placed,3.7,2.0,11.002116507732017,120000.0,0
467,Sophia Johnson,Female,24,Bachelor's,Mechanical Engineering,University of Connecticut,Placed,3.5,1.0,11.0186455364637,61000.0,0
469,Emma Martinez,Female,26,Bachelor's,Electronics and Communication,University of Delaware,Placed,3.7,1.0,11.082157933374816,65000.0,0
470,Aiden Davis,Male,24,Bachelor's,Computer Science,University of California--San Francisco,Placed,3.8,3.0,11.097425172408931,198000.0,0
471,Mia Wilson,Female,23,Bachelor's,Electrical Engineering,University of Texas--Dallas,Placed,3.6,1.0,11.050905878263567,63000.0,0
472,Jack Garcia,Male,26,Bachelor's,Information Technology,University of Virginia,Placed,3.9,2.0,11.06665398721974,128000.0,0
473,Emma Lopez,Female,24,Bachelor's,Mechanical Engineering,University of Michigan--Ann Arbor,Placed,3.9,3.0,11.112462823634855,201000.0,0
475,Chloe Hernandez,Female,26,Bachelor's,Electrical Engineering,University of Washington,Placed,3.8,3.0,11.112462823634855,201000.0,0
476,Ava Lee,Female,24,Bachelor's,Information Technology,University of California--Berkeley,Placed,3.9,3.0,11.097425172408931,198000.0,0
477,Liam Perez,Male,25,Bachelor's,Computer Science,University of Illinois--Urbana-Champaign,Placed,3.8,3.0,11.082157933374816,195000.0,0
478,Isabella Martinez,Female,23,Bachelor's,Electronics and Communication,University of Colorado--Boulder,Placed,3.7,2.0,11.097425172408931,132000.0,0
480,Sophia Johnson,Female,24,Bachelor's,Mechanical Engineering,University of Maryland--College Park,Placed,3.7,2.0,11.050905878263567,126000.0,0
481,Lucas Taylor,Male,23,Bachelor's,Computer Science,University of Rochester,Placed,3.8,3.0,11.034905792929415,186000.0,0
482,Emma Martinez,Female,26,Bachelor's,Electronics and Communication,University of California--Santa Cruz,Placed,3.7,2.0,11.002116507732017,120000.0,0
483,Aiden Davis,Male,24,Bachelor's,Computer Science,University of Connecticut,Placed,3.5,1.0,11.0186455364637,61000.0,0
485,Jack Garcia,Male,26,Bachelor's,Information Technology,University of Delaware,Placed,3.7,1.0,11.082157933374816,65000.0,0
486,Emma Lopez,Female,24,Bachelor's,Mechanical Engineering,University of California--San Francisco,Placed,3.8,3.0,11.097425172408931,198000.0,0
487,Oliver Rodriguez,Male,23,Bachelor's,Computer Science,University of Texas--Dallas,Placed,3.6,1.0,11.050905878263567,63000.0,0
488,Chloe Hernandez,Female,26,Bachelor's,Electrical Engineering,University of Virginia,Placed,3.9,2.0,11.06665398721974,128000.0,0
489,Ava Lee,Female,24,Bachelor's,Information Technology,University of Michigan--Ann Arbor,Placed,3.9,3.0,11.112462823634855,201000.0,0
491,Isabella Martinez,Female,23,Bachelor's,Electronics and Communication,University of Washington,Placed,3.8,3.0,11.112462823634855,201000.0,0
492,Alexander Lee,Male,26,Bachelor's,Information Technology,University of California--Berkeley,Placed,3.9,3.0,11.097425172408931,198000.0,0
493,Sophia Johnson,Female,24,Bachelor's,Mechanical Engineering,University of Illinois--Urbana-Champaign,Placed,3.8,3.0,11.082157933374816,195000.0,0
494,Lucas Taylor,Male,23,Bachelor's,Computer Science,University of Colorado--Boulder,Placed,3.7,2.0,11.097425172408931,132000.0,0
496,Aiden Davis,Male,24,Bachelor's,Computer Science,University of Maryland--College Park,Placed,3.7,2.0,11.050905878263567,126000.0,0
497,Mia Wilson,Female,23,Bachelor's,Electrical Engineering,University of Rochester,Placed,3.8,3.0,11.034905792929415,186000.0,0
498,Jack Garcia,Male,26,Bachelor's,Information Technology,University of California--Santa Cruz,Placed,3.7,2.0,11.002116507732017,120000.0,0
499,Emma Lopez,Female,24,Bachelor's,Mechanical Engineering,University of Connecticut,Placed,3.5,1.0,11.0186455364637,61000.0,0
501,Chloe Hernandez,Female,26,Bachelor's,Electrical Engineering,University of Delaware,Placed,3.7,1.0,11.082157933374816,65000.0,0
502,Ava Lee,Female,24,Bachelor's,Information Technology,University of California--San Francisco,Placed,3.8,3.0,11.097425172408931,198000.0,0
503,Liam Perez,Male,25,Bachelor's,Computer Science,University of Texas--Dallas,Placed,3.6,1.0,11.050905878263567,63000.0,0
504,Isabella Martinez,Female,23,Bachelor's,Electronics and Communication,University of Virginia,Placed,3.9,2.0,11.06665398721974,128000.0,0
505,Alexander Lee,Male,26,Bachelor's,Information Technology,University of Michigan--Ann Arbor,Placed,3.9,3.0,11.112462823634855,201000.0,0
507,Lucas Taylor,Male,23,Bachelor's,Computer Science,University of Washington,Placed,3.8,3.0,11.112462823634855,201000.0,0
508,Emma Martinez,Female,26,Bachelor's,Electronics and Communication,University of California--Berkeley,Placed,3.9,3.0,11.097425172408931,198000.0,0
509,Aiden Davis,Male,24,Bachelor's,Computer Science,University of Illinois--Urbana-Champaign,Placed,3.8,3.0,11.082157933374816,195000.0,0
510,Mia Wilson,Female,23,Bachelor's,Electrical Engineering,University of Colorado--Boulder,Placed,3.7,2.0,11.097425172408931,132000.0,0
512,Emma Lopez,Female,24,Bachelor's,Mechanical Engineering,University of Maryland--College Park,Placed,3.7,2.0,11.050905878263567,126000.0,0
513,Oliver Rodriguez,Male,23,Bachelor's,Computer Science,University of Rochester,Placed,3.8,3.0,11.034905792929415,186000.0,0
514,Chloe Hernandez,Female,26,Bachelor's,Electrical Engineering,University of California--Santa Cruz,Placed,3.7,2.0,11.002116507732017,120000.0,0
515,Ava Lee,Female,24,Bachelor's,Information Technology,University of Connecticut,Placed,3.5,1.0,11.0186455364637,61000.0,0
517,Isabella Martinez,Female,23,Bachelor's,Electronics and Communication,University of Delaware,Placed,3.7,1.0,11.082157933374816,65000.0,0
518,Alexander Lee,Male,26,Bachelor's,Information Technology,University of California--San Francisco,Placed,3.8,3.0,11.097425172408931,198000.0,0
519,Sophia Johnson,Female,24,Bachelor's,Mechanical Engineering,University of Texas--Dallas,Placed,3.6,1.0,11.050905878263567,63000.0,0
520,Lucas Taylor,Male,23,Bachelor's,Computer Science,University of Michigan--Ann Arbor,Placed,3.9,2.0,11.06665398721974,128000.0,0
521,Emma Martinez,Female,26,Bachelor's,Electronics and Communication,University of Virginia,Placed,3.9,3.0,11.112462823634855,201000.0,0
522,Aiden Davis,Male,24,Bachelor's,Computer Science,University of California--Los Angeles,Placed,3.8,3.0,11.112462823634855,201000.0,0
523,Mia Wilson,Female,23,Bachelor's,Electrical Engineering,University of California--Berkeley,Placed,3.7,2.0,11.097425172408931,132000.0,0
524,Jack Garcia,Male,26,Bachelor's,Information Technology,University of Illinois--Urbana-Champaign,Placed,3.8,3.0,11.082157933374816,195000.0,0
525,Emma Lopez,Female,24,Bachelor's,Mechanical Engineering,University of Colorado--Boulder,Placed,3.7,2.0,11.097425172408931,132000.0,0
527,Chloe Hernandez,Female,26,Bachelor's,Electrical Engineering,University of Maryland--College Park,Placed,3.7,2.0,11.050905878263567,126000.0,0
528,Ava Lee,Female,24,Bachelor's,Information Technology,University of Rochester,Placed,3.8,3.0,11.034905792929415,186000.0,0
529,Liam Perez,Male,25,Bachelor's,Computer Science,University of California--Santa Cruz,Placed,3.7,2.0,11.002116507732017,120000.0,0
530,Isabella Martinez,Female,23,Bachelor's,Electronics and Communication,University of Connecticut,Placed,3.5,1.0,11.0186455364637,61000.0,0
532,Sophia Johnson,Female,24,Bachelor's,Mechanical Engineering,University of Delaware,Placed,3.7,1.0,11.082157933374816,65000.0,0
533,Lucas Taylor,Male,23,Bachelor's,Computer Science,University of California--San Francisco,Placed,3.8,3.0,11.097425172408931,198000.0,0
534,Emma Martinez,Female,26,Bachelor's,Electronics and Communication,University of Texas--Dallas,Placed,3.6,1.0,11.050905878263567,63000.0,0
535,Aiden Davis,Male,24,Bachelor's,Computer Science,University of Virginia,Placed,3.9,2.0,11.06665398721974,128000.0,0
536,Mia Wilson,Female,23,Bachelor's,Electrical Engineering,University of Michigan--Ann Arbor,Placed,3.9,3.0,11.112462823634855,201000.0,0
538,Emma Lopez,Female,24,Bachelor's,Mechanical Engineering,University of Washington,Placed,3.8,3.0,11.112462823634855,201000.0,0
539,Oliver Rodriguez,Male,23,Bachelor's,Computer Science,University of California--Berkeley,Placed,3.9,3.0,11.097425172408931,198000.0,0
540,Chloe Hernandez,Female,26,Bachelor's,Electrical Engineering,University of Illinois--Urbana-Champaign,Placed,3.8,3.0,11.082157933374816,195000.0,0
541,Ava Lee,Female,24,Bachelor's,Information Technology,University of Colorado--Boulder,Placed,3.7,2.0,11.097425172408931,132000.0,0
543,Isabella Martinez,Female,23,Bachelor's,Electronics and Communication,University of Maryland--College Park,Placed,3.7,2.0,11.050905878263567,126000.0,0
544,Alexander Lee,Male,26,Bachelor's,Information Technology,University of Rochester,Placed,3.8,3.0,11.034905792929415,186000.0,0
545,Sophia Johnson,Female,24,Bachelor's,Mechanical Engineering,University of California--Santa Cruz,Placed,3.7,2.0,11.002116507732017,120000.0,0
547,Emma Martinez,Female,26,Bachelor's,Electronics and Communication,University of Delaware,Placed,3.7,1.0,11.082157933374816,65000.0,0
548,Aiden Davis,Male,24,Bachelor's,Computer Science,University of California--San Francisco,Placed,3.8,3.0,11.097425172408931,198000.0,0
549,Mia Wilson,Female,23,Bachelor's,Electrical Engineering,University of Texas--Dallas,Placed,3.6,1.0,11.050905878263567,63000.0,0
550,Jack Garcia,Male,26,Bachelor's,Information Technology,University of Virginia,Placed,3.9,2.0,11.06665398721974,128000.0,0
551,Emma Lopez,Female,24,Bachelor's,Mechanical Engineering,University of Michigan--Ann Arbor,Placed,3.9,3.0,11.112462823634855,201000.0,0
553,Chloe Hernandez,Female,26,Bachelor's,Electrical Engineering,University of Washington,Placed,3.8,3.0,11.112462823634855,201000.0,0
554,Ava Lee,Female,24,Bachelor's,Information Technology,University of California--Berkeley,Placed,3.9,3.0,11.097425172408931,198000.0,0
555,Liam Perez,Male,25,Bachelor's,Computer Science,University of Illinois--Urbana-Champaign,Placed,3.8,3.0,11.082157933374816,195000.0,0
556,Isabella Martinez,Female,23,Bachelor's,Electronics and Communication,University of Colorado--Boulder,Placed,3.7,2.0,11.097425172408931,132000.0,0
558,Sophia Johnson,Female,24,Bachelor's,Mechanical Engineering,University of Maryland--College Park,Placed,3.7,2.0,11.050905878263567,126000.0,0
559,Lucas Taylor,Male,23,Bachelor's,Computer Science,University of Rochester,Placed,3.8,3.0,11.034905792929415,186000.0,0
560,Emma Martinez,Female,26,Bachelor's,Electronics and Communication,University of California--Santa Cruz,Placed,3.7,2.0,11.002116507732017,120000.0,0
561,Aiden Davis,Male,24,Bachelor's,Computer Science,University of Connecticut,Placed,3.5,1.0,11.0186455364637,61000.0,0
563,Jack Garcia,Male,26,Bachelor's,Information Technology,University of Delaware,Placed,3.7,1.0,11.082157933374816,65000.0,0
564,Emma Lopez,Female,24,Bachelor's,Mechanical Engineering,University of California--San Francisco,Placed,3.8,3.0,11.097425172408931,198000.0,0
565,Oliver Rodriguez,Male,23,Bachelor's,Computer Science,University of Texas--Dallas,Placed,3.6,1.0,11.050905878263567,63000.0,0
566,Chloe Hernandez,Female,26,Bachelor's,Electrical Engineering,University of Virginia,Placed,3.9,2.0,11.06665398721974,128000.0,0
567,Ava Lee,Female,24,Bachelor's,Information Technology,University of Michigan--Ann Arbor,Placed,3.9,3.0,11.112462823634855,201000.0,0
569,Isabella Martinez,Female,23,Bachelor's,Electronics and Communication,University of Washington,Placed,3.8,3.0,11.112462823634855,201000.0,0
570,Alexander Lee,Male,26,Bachelor's,Information Technology,University of California--Berkeley,Placed,3.9,3.0,11.097425172408931,198000.0,0
571,Sophia Johnson,Female,24,Bachelor's,Mechanical Engineering,University of Illinois--Urbana-Champaign,Placed,3.8,3.0,11.082157933374816,195000.0,0
572,Lucas Taylor,Male,23,Bachelor's,Computer Science,University of Colorado--Boulder,Placed,3.7,2.0,11.097425172408931,132000.0,0
574,Aiden Davis,Male,24,Bachelor's,Computer Science,University of Maryland--College Park,Placed,3.7,2.0,11.050905878263567,126000.0,0
575,Mia Wilson,Female,23,Bachelor's,Electrical Engineering,University of Rochester,Placed,3.8,3.0,11.034905792929415,186000.0,0
576,Jack Garcia,Male,26,Bachelor's,Information Technology,University of California--Santa Cruz,Placed,3.7,2.0,11.002116507732017,120000.0,0
577,Emma Lopez,Female,24,Bachelor's,Mechanical Engineering,University of Connecticut,Placed,3.5,1.0,11.0186455364637,61000.0,0
579,Chloe Hernandez,Female,26,Bachelor's,Electrical Engineering,University of Delaware,Placed,3.7,1.0,11.082157933374816,65000.0,0
580,Ava Lee,Female,24,Bachelor's,Information Technology,University of California--San Francisco,Placed,3.8,3.0,11.097425172408931,198000.0,0
581,Liam Perez,Male,25,Bachelor's,Computer Science,University of Texas--Dallas,Placed,3.6,1.0,11.050905878263567,63000.0,0
582,Isabella Martinez,Female,23,Bachelor's,Electronics and Communication,University of Virginia,Placed,3.9,2.0,11.06665398721974,128000.0,0
583,Alexander Lee,Male,26,Bachelor's,Information Technology,University of Michigan--Ann Arbor,Placed,3.9,3.0,11.112462823634855,201000.0,0
585,Lucas Taylor,Male,23,Bachelor's,Computer Science,University of Washington,Placed,3.8,3.0,11.112462823634855,201000.0,0
586,Emma Martinez,Female,26,Bachelor's,Electronics and Communication,University of California--Berkeley,Placed,3.9,3.0,11.097425172408931,198000.0,0
587,Aiden Davis,Male,24,Bachelor's,Computer Science,University of Illinois--Urbana-Champaign,Placed,3.8,3.0,11.082157933374816,195000.0,0
588,Mia Wilson,Female,23,Bachelor's,Electrical Engineering,University of Colorado--Boulder,Placed,3.7,2.0,11.097425172408931,132000.0,0
590,Emma Lopez,Female,24,Bachelor's,Mechanical Engineering,University of Maryland--College Park,Placed,3.7,2.0,11.050905878263567,126000.0,0
591,Oliver Rodriguez,Male,23,Bachelor's,Computer Science,University of Rochester,Placed,3.8,3.0,11.034905792929415,186000.0,0
592,Chloe Hernandez,Female,26,Bachelor's,Electrical Engineering,University of California--Santa Cruz,Placed,3.7,2.0,11.002116507732017,120000.0,0
593,Ava Lee,Female,24,Bachelor's,Information Technology,University of Connecticut,Placed,3.5,1.0,11.0186455364637,61000.0,0
595,Isabella Martinez,Female,23,Bachelor's,Electronics and Communication,University of Delaware,Placed,3.7,1.0,11.082157933374816,65000.0,0
596,Alexander Lee,Male,26,Bachelor's,Information Technology,University of California--San Francisco,Placed,3.8,3.0,11.097425172408931,198000.0,0
597,Sophia Johnson,Female,24,Bachelor's,Mechanical Engineering,University of Texas--Dallas,Placed,3.6,1.0,11.050905878263567,63000.0,0
598,Lucas Taylor,Male,23,Bachelor's,Computer Science,University of Michigan--Ann Arbor,Placed,3.9,2.0,11.06665398721974,128000.0,0
599,Emma Martinez,Female,26,Bachelor's,Electronics and Communication,University of Virginia,Placed,3.9,3.0,11.112462823634855,201000.0,0
600,Aiden Davis,Male,24,Bachelor's,Computer Science,University of California--Los Angeles,Placed,3.8,3.0,11.112462823634855,201000.0,0
601,Mia Wilson,Female,23,Bachelor's,Electrical Engineering,University of California--Berkeley,Placed,3.7,2.0,11.097425172408931,132000.0,0
602,Jack Garcia,Male,26,Bachelor's,Information Technology,University of Illinois--Urbana-Champaign,Placed,3.8,3.0,11.082157933374816,195000.0,0
603,Emma Lopez,Female,24,Bachelor's,Mechanical Engineering,University of Colorado--Boulder,Placed,3.7,2.0,11.097425172408931,132000.0,0
605,Chloe Hernandez,Female,26,Bachelor's,Electrical Engineering,University of Maryland--College Park,Placed,3.7,2.0,11.050905878263567,126000.0,0
606,Ava Lee,Female,24,Bachelor's,Information Technology,University of Rochester,Placed,3.8,3.0,11.034905792929415,186000.0,0
607,Liam Perez,Male,25,Bachelor's,Computer Science,University of California--Santa Cruz,Placed,3.7,2.0,11.002116507732017,120000.0,0
608,Isabella Martinez,Female,23,Bachelor's,Electronics and Communication,University of Connecticut,Placed,3.5,1.0,11.0186455364637,61000.0,0
610,Sophia Johnson,Female,24,Bachelor's,Mechanical Engineering,University of Delaware,Placed,3.7,1.0,11.082157933374816,65000.0,0
611,Lucas Taylor,Male,23,Bachelor's,Computer Science,University of California--San Francisco,Placed,3.8,3.0,11.097425172408931,198000.0,0
612,Emma Martinez,Female,26,Bachelor's,Electronics and Communication,University of Texas--Dallas,Placed,3.6,1.0,11.050905878263567,63000.0,0
613,Aiden Davis,Male,24,Bachelor's,Computer Science,University of Virginia,Placed,3.9,2.0,11.06665398721974,128000.0,0
614,Mia Wilson,Female,23,Bachelor's,Electrical Engineering,University of Michigan--Ann Arbor,Placed,3.9,3.0,11.112462823634855,201000.0,0
616,Emma Lopez,Female,24,Bachelor's,Mechanical Engineering,University of Washington,Placed,3.8,3.0,11.112462823634855,201000.0,0
617,Oliver Rodriguez,Male,23,Bachelor's,Computer Science,University of California--Berkeley,Placed,3.9,3.0,11.097425172408931,198000.0,0
618,Chloe Hernandez,Female,26,Bachelor's,Electrical Engineering,University of Illinois--Urbana-Champaign,Placed,3.8,3.0,11.082157933374816,195000.0,0
619,Emma Martinez,Female,26,Bachelor's,Electronics and Communication,University of Colorado--Boulder,Placed,3.7,2.0,11.097425172408931,132000.0,0
621,Mia Wilson,Female,23,Bachelor's,Electrical Engineering,University of Maryland--College Park,Placed,3.7,2.0,11.050905878263567,126000.0,0
622,Jack Garcia,Male,26,Bachelor's,Information Technology,University of Rochester,Placed,3.8,3.0,11.034905792929415,186000.0,0
623,Emma Lopez,Female,24,Bachelor's,Mechanical Engineering,University of California--Santa Cruz,Placed,3.7,2.0,11.002116507732017,120000.0,0
624,Oliver Rodriguez,Male,23,Bachelor's,Computer Science,University of Connecticut,Placed,3.5,1.0,11.0186455364637,61000.0,0
626,Ava Lee,Female,24,Bachelor's,Information Technology,University of Delaware,Placed,3.7,1.0,11.082157933374816,65000.0,0
627,Liam Perez,Male,25,Bachelor's,Computer Science,University of California--San Francisco,Placed,3.8,3.0,11.097425172408931,198000.0,0
628,Isabella Martinez,Female,23,Bachelor's,Electronics and Communication,University of Texas--Dallas,Placed,3.6,1.0,11.050905878263567,63000.0,0
629,Alexander Lee,Male,26,Bachelor's,Information Technology,University of Virginia,Placed,3.9,2.0,11.06665398721974,128000.0,0
630,Sophia Johnson,Female,24,Bachelor's,Mechanical Engineering,University of Michigan--Ann Arbor,Placed,3.9,3.0,11.112462823634855,201000.0,0
632,Emma Martinez,Female,26,Bachelor's,Electronics and Communication,University of Washington,Placed,3.8,3.0,11.112462823634855,201000.0,0
633,Aiden Davis,Male,24,Bachelor's,Computer Science,University of California--Berkeley,Placed,3.9,3.0,11.097425172408931,198000.0,0
634,Mia Wilson,Female,23,Bachelor's,Electrical Engineering,University of Illinois--Urbana-Champaign,Placed,3.8,3.0,11.082157933374816,195000.0,0
635,Jack Garcia,Male,26,Bachelor's,Information Technology,University of Colorado--Boulder,Placed,3.7,2.0,11.097425172408931,132000.0,0
637,Oliver Rodriguez,Male,23,Bachelor's,Computer Science,University of Maryland--College Park,Placed,3.7,2.0,11.050905878263567,126000.0,0
638,Chloe Hernandez,Female,26,Bachelor's,Electrical Engineering,University of Rochester,Placed,3.8,3.0,11.034905792929415,186000.0,0
639,Ava Lee,Female,24,Bachelor's,Information Technology,University of California--Santa Cruz,Placed,3.7,2.0,11.002116507732017,120000.0,0
640,Liam Perez,Male,25,Bachelor's,Computer Science,University of Connecticut,Placed,3.5,1.0,11.0186455364637,61000.0,0
642,Alexander Lee,Male,26,Bachelor's,Information Technology,University of Delaware,Placed,3.7,1.0,11.082157933374816,65000.0,0
643,Sophia Johnson,Female,24,Bachelor's,Mechanical Engineering,University of California--San Francisco,Placed,3.8,3.0,11.097425172408931,198000.0,0
644,Lucas Taylor,Male,23,Bachelor's,Computer Science,University of Texas--Dallas,Placed,3.6,1.0,11.050905878263567,63000.0,0
645,Emma Martinez,Female,26,Bachelor's,Electronics and Communication,University of Virginia,Placed,3.9,2.0,11.06665398721974,128000.0,0
646,Aiden Davis,Male,24,Bachelor's,Computer Science,University of Michigan--Ann Arbor,Placed,3.9,3.0,11.112462823634855,201000.0,0
648,Jack Garcia,Male,26,Bachelor's,Information Technology,University of Washington,Placed,3.8,3.0,11.112462823634855,201000.0,0
649,Emma Lopez,Female,24,Bachelor's,Mechanical Engineering,University of California--Berkeley,Placed,3.9,3.0,11.097425172408931,198000.0,0
650,Oliver Rodriguez,Male,23,Bachelor's,Computer Science,University of Illinois--Urbana-Champaign,Placed,3.8,3.0,11.082157933374816,195000.0,0
651,Chloe Hernandez,Female,26,Bachelor's,Electrical Engineering,University of Colorado--Boulder,Placed,3.7,2.0,11.097425172408931,132000.0,0
653,Liam Perez,Male,25,Bachelor's,Computer Science,University of Maryland--College Park,Placed,3.7,2.0,11.050905878263567,126000.0,0
654,Isabella Martinez,Female,23,Bachelor's,Electronics and Communication,University of Rochester,Placed,3.8,3.0,11.034905792929415,186000.0,0
655,Alexander Lee,Male,26,Bachelor's,Information Technology,University of California--Santa Cruz,Placed,3.7,2.0,11.002116507732017,120000.0,0
656,Sophia Johnson,Female,24,Bachelor's,Mechanical Engineering,University of Connecticut,Placed,3.5,1.0,11.0186455364637,61000.0,0
658,Emma Martinez,Female,26,Bachelor's,Electronics and Communication,University of Delaware,Placed,3.7,1.0,11.082157933374816,65000.0,0
659,Aiden Davis,Male,24,Bachelor's,Computer Science,University of California--San Francisco,Placed,3.8,3.0,11.097425172408931,198000.0,0
660,Mia Wilson,Female,23,Bachelor's,Electrical Engineering,University of Texas--Dallas,Placed,3.6,1.0,11.050905878263567,63000.0,0
661,Jack Garcia,Male,26,Bachelor's,Information Technology,University of Virginia,Placed,3.9,2.0,11.06665398721974,128000.0,0
662,Emma Lopez,Female,24,Bachelor's,Mechanical Engineering,University of Michigan--Ann Arbor,Placed,3.9,3.0,11.112462823634855,201000.0,0
664,Chloe Hernandez,Female,26,Bachelor's,Electrical Engineering,University of Washington,Placed,3.8,3.0,11.112462823634855,201000.0,0
665,Ava Lee,Female,24,Bachelor's,Information Technology,University of California--Berkeley,Placed,3.9,3.0,11.097425172408931,198000.0,0
666,Liam Perez,Male,25,Bachelor's,Computer Science,University of Illinois--Urbana-Champaign,Placed,3.8,3.0,11.082157933374816,195000.0,0
667,Isabella Martinez,Female,23,Bachelor's,Electronics and Communication,University of Colorado--Boulder,Placed,3.7,2.0,11.097425172408931,132000.0,0
669,Sophia Johnson,Female,24,Bachelor's,Mechanical Engineering,University of Maryland--College Park,Placed,3.7,2.0,11.050905878263567,126000.0,0
670,Lucas Taylor,Male,23,Bachelor's,Computer Science,University of Rochester,Placed,3.8,3.0,11.034905792929415,186000.0,0
671,Emma Martinez,Female,26,Bachelor's,Electronics and Communication,University of California--Santa Cruz,Placed,3.7,2.0,11.002116507732017,120000.0,0
672,Aiden Davis,Male,24,Bachelor's,Computer Science,University of Connecticut,Placed,3.5,1.0,11.0186455364637,61000.0,0
674,Jack Garcia,Male,26,Bachelor's,Information Technology,University of Delaware,Placed,3.7,1.0,11.082157933374816,65000.0,0
675,Emma Lopez,Female,24,Bachelor's,Mechanical Engineering,University of California--San Francisco,Placed,3.8,3.0,11.097425172408931,198000.0,0
676,Oliver Rodriguez,Male,23,Bachelor's,Computer Science,University of Texas--Dallas,Placed,3.6,1.0,11.050905878263567,63000.0,0
677,Chloe Hernandez,Female,26,Bachelor's,Electrical Engineering,University of Virginia,Placed,3.9,2.0,11.06665398721974,128000.0,0
678,Ava Lee,Female,24,Bachelor's,Information Technology,University of Michigan--Ann Arbor,Placed,3.9,3.0,11.112462823634855,201000.0,0
680,Isabella Martinez,Female,23,Bachelor's,Electronics and Communication,University of Washington,Placed,3.8,3.0,11.112462823634855,201000.0,0
681,Alexander Lee,Male,26,Bachelor's,Information Technology,University of California--Berkeley,Placed,3.9,3.0,11.097425172408931,198000.0,0
682,Sophia Johnson,Female,24,Bachelor's,Mechanical Engineering,University of Illinois--Urbana-Champaign,Placed,3.8,3.0,11.082157933374816,195000.0,0
683,Lucas Taylor,Male,23,Bachelor's,Computer Science,University of Colorado--Boulder,Placed,3.7,2.0,11.097425172408931,132000.0,0
685,Aiden Davis,Male,24,Bachelor's,Computer Science,University of Maryland--College Park,Placed,3.7,2.0,11.050905878263567,126000.0,0
686,Mia Wilson,Female,23,Bachelor's,Electrical Engineering,University of Rochester,Placed,3.8,3.0,11.034905792929415,186000.0,0
687,Jack Garcia,Male,26,Bachelor's,Information Technology,University of California--Santa Cruz,Placed,3.7,2.0,11.002116507732017,120000.0,0
688,Emma Lopez,Female,24,Bachelor's,Mechanical Engineering,University of Connecticut,Placed,3.5,1.0,11.0186455364637,61000.0,0
690,Chloe Hernandez,Female,26,Bachelor's,Electrical Engineering,University of Delaware,Placed,3.7,1.0,11.082157933374816,65000.0,0
691,Ava Lee,Female,24,Bachelor's,Information Technology,University of California--San Francisco,Placed,3.8,3.0,11.097425172408931,198000.0,0
692,Liam Perez,Male,25,Bachelor's,Computer Science,University of Texas--Dallas,Placed,3.6,1.0,11.050905878263567,63000.0,0
693,Isabella Martinez,Female,23,Bachelor's,Electronics and Communication,University of Virginia,Placed,3.9,2.0,11.06665398721974,128000.0,0
694,Alexander Lee,Male,26,Bachelor's,Information Technology,University of Michigan--Ann Arbor,Placed,3.9,3.0,11.112462823634855,201000.0,0
696,Lucas Taylor,Male,23,Bachelor's,Computer Science,University of Washington,Placed,3.8,3.0,11.112462823634855,201000.0,0
697,Emma Martinez,Female,26,Bachelor's,Electronics and Communication,University of California--Berkeley,Placed,3.9,3.0,11.097425172408931,198000.0,0
698,Aiden Davis,Male,24,Bachelor's,Computer Science,University of Illinois--Urbana-Champaign,Placed,3.8,3.0,11.082157933374816,195000.0,0
699,Mia Wilson,Female,23,Bachelor's,Electrical Engineering,University of Colorado--Boulder,Placed,3.7,2.0,11.097425172408931,132000.0,0
