Category,resume_skills
Data Science,"['machine learning', 'numpy', 'sql', 'tableau', 'git', 'pandas', 'css', 'java', 'python', 'html', 'deep learning', 'scikit', 'computer vision', 'docker', 'javascript']"
Data Science,"['machine learning', 'keras', 'git', 'sklearn', 'python', 'aws']"
Data Science,"['machine learning', 'sql', 'linux', 'git', 'java', 'python', 'deep learning', 'data analysis', 'excel']"
Data Science,"['machine learning', 'sql', 'tableau', 'git', 'python', 'deep learning', 'nlp']"
Data Science,"['data analysis', 'java', 'python']"
Data Science,"['machine learning', 'excel', 'python', 'html']"
Data Science,"['machine learning', 'excel', 'python', 'tableau']"
Data Science,"['machine learning', 'keras', 'numpy', 'sql', 'linux', 'pandas', 'sklearn', 'java', 'python', 'deep learning', 'scikit', 'tensorflow', 'nlp']"
Data Science,"['machine learning', 'numpy', 'sql', 'pandas', 'css', 'python', 'html', 'deep learning', 'scikit', 'nlp']"
Data Science,"['machine learning', 'hadoop', 'tableau', 'python', 'data analysis', 'aws', 'nlp', 'spark']"
Data Science,"['machine learning', 'numpy', 'sql', 'tableau', 'git', 'pandas', 'css', 'java', 'python', 'html', 'deep learning', 'scikit', 'computer vision', 'docker', 'javascript']"
Data Science,"['machine learning', 'keras', 'git', 'sklearn', 'python', 'aws']"
Data Science,"['machine learning', 'sql', 'linux', 'git', 'java', 'python', 'deep learning', 'data analysis', 'excel']"
Data Science,"['machine learning', 'sql', 'tableau', 'git', 'python', 'deep learning', 'nlp']"
Data Science,"['data analysis', 'java', 'python']"
Data Science,"['machine learning', 'excel', 'python', 'html']"
Data Science,"['machine learning', 'excel', 'python', 'tableau']"
Data Science,"['machine learning', 'keras', 'numpy', 'sql', 'linux', 'pandas', 'sklearn', 'java', 'python', 'deep learning', 'scikit', 'tensorflow', 'nlp']"
Data Science,"['machine learning', 'numpy', 'sql', 'pandas', 'css', 'python', 'html', 'deep learning', 'scikit', 'nlp']"
Data Science,"['machine learning', 'hadoop', 'tableau', 'python', 'data analysis', 'aws', 'nlp', 'spark']"
Data Science,"['machine learning', 'numpy', 'sql', 'tableau', 'git', 'pandas', 'css', 'java', 'python', 'html', 'deep learning', 'scikit', 'computer vision', 'docker', 'javascript']"
Data Science,"['machine learning', 'keras', 'git', 'sklearn', 'python', 'aws']"
Data Science,"['machine learning', 'sql', 'linux', 'git', 'java', 'python', 'deep learning', 'data analysis', 'excel']"
Data Science,"['machine learning', 'sql', 'tableau', 'git', 'python', 'deep learning', 'nlp']"
Data Science,"['data analysis', 'java', 'python']"
Data Science,"['machine learning', 'excel', 'python', 'html']"
Data Science,"['machine learning', 'excel', 'python', 'tableau']"
Data Science,"['machine learning', 'keras', 'numpy', 'sql', 'linux', 'pandas', 'sklearn', 'java', 'python', 'deep learning', 'scikit', 'tensorflow', 'nlp']"
Data Science,"['machine learning', 'numpy', 'sql', 'pandas', 'css', 'python', 'html', 'deep learning', 'scikit', 'nlp']"
Data Science,"['machine learning', 'hadoop', 'tableau', 'python', 'data analysis', 'aws', 'nlp', 'spark']"
Data Science,"['machine learning', 'numpy', 'sql', 'tableau', 'git', 'pandas', 'css', 'java', 'python', 'html', 'deep learning', 'scikit', 'computer vision', 'docker', 'javascript']"
Data Science,"['machine learning', 'keras', 'git', 'sklearn', 'python', 'aws']"
Data Science,"['machine learning', 'sql', 'linux', 'git', 'java', 'python', 'deep learning', 'data analysis', 'excel']"
Data Science,"['machine learning', 'sql', 'tableau', 'git', 'python', 'deep learning', 'nlp']"
Data Science,"['data analysis', 'java', 'python']"
Data Science,"['machine learning', 'excel', 'python', 'html']"
Data Science,"['machine learning', 'excel', 'python', 'tableau']"
Data Science,"['machine learning', 'keras', 'numpy', 'sql', 'linux', 'pandas', 'sklearn', 'java', 'python', 'deep learning', 'scikit', 'tensorflow', 'nlp']"
Data Science,"['machine learning', 'numpy', 'sql', 'pandas', 'css', 'python', 'html', 'deep learning', 'scikit', 'nlp']"
Data Science,"['machine learning', 'hadoop', 'tableau', 'python', 'data analysis', 'aws', 'nlp', 'spark']"
HR,[]
HR,['excel']
HR,[]
HR,[]
HR,[]
HR,[]
HR,[]
HR,[]
HR,[]
HR,[]
HR,['java']
HR,[]
HR,['excel']
HR,[]
HR,[]
HR,[]
HR,[]
HR,[]
HR,[]
HR,[]
HR,[]
HR,['java']
HR,[]
HR,['excel']
HR,[]
HR,[]
HR,[]
HR,[]
HR,[]
HR,[]
HR,[]
HR,[]
HR,['java']
HR,[]
HR,['excel']
HR,[]
HR,[]
HR,[]
HR,[]
HR,[]
HR,[]
HR,[]
HR,[]
HR,['java']
Advocate,[]
Advocate,[]
Advocate,[]
Advocate,[]
Advocate,['aws']
Advocate,[]
Advocate,[]
Advocate,[]
Advocate,[]
Advocate,[]
Advocate,[]
Advocate,[]
Advocate,[]
Advocate,[]
Advocate,['aws']
Advocate,[]
Advocate,[]
Advocate,[]
Advocate,[]
Advocate,[]
Arts,[]
Arts,[]
Arts,['excel']
Arts,[]
Arts,[]
Arts,[]
Arts,[]
Arts,[]
Arts,['excel']
Arts,[]
Arts,[]
Arts,[]
Arts,[]
Arts,[]
Arts,['excel']
Arts,[]
Arts,[]
Arts,[]
Arts,[]
Arts,[]
Arts,['excel']
Arts,[]
Arts,[]
Arts,[]
Arts,[]
Arts,[]
Arts,['excel']
Arts,[]
Arts,[]
Arts,[]
Arts,[]
Arts,[]
Arts,['excel']
Arts,[]
Arts,[]
Arts,[]
Web Designing,"['git', 'css', 'java', 'html', 'javascript']"
Web Designing,"['sql', 'css', 'java', 'html', 'javascript']"
Web Designing,"['git', 'css', 'java', 'html', 'javascript']"
Web Designing,[]
Web Designing,"['sql', 'css', 'java', 'html', 'javascript']"
Web Designing,"['git', 'css', 'java', 'html', 'javascript']"
Web Designing,"['sql', 'css', 'java', 'html', 'javascript']"
Web Designing,"['git', 'css', 'java', 'html', 'javascript']"
Web Designing,[]
Web Designing,"['sql', 'css', 'java', 'html', 'javascript']"
Web Designing,"['git', 'css', 'java', 'html', 'javascript']"
Web Designing,"['sql', 'css', 'java', 'html', 'javascript']"
Web Designing,"['git', 'css', 'java', 'html', 'javascript']"
Web Designing,[]
Web Designing,"['sql', 'css', 'java', 'html', 'javascript']"
Web Designing,"['git', 'css', 'java', 'html', 'javascript']"
Web Designing,"['sql', 'css', 'java', 'html', 'javascript']"
Web Designing,"['git', 'css', 'java', 'html', 'javascript']"
Web Designing,[]
Web Designing,"['sql', 'css', 'java', 'html', 'javascript']"
Web Designing,"['git', 'css', 'java', 'html', 'javascript']"
Web Designing,"['sql', 'css', 'java', 'html', 'javascript']"
Web Designing,"['git', 'css', 'java', 'html', 'javascript']"
Web Designing,[]
Web Designing,"['sql', 'css', 'java', 'html', 'javascript']"
Web Designing,"['git', 'css', 'java', 'html', 'javascript']"
Web Designing,"['sql', 'css', 'java', 'html', 'javascript']"
Web Designing,"['git', 'css', 'java', 'html', 'javascript']"
Web Designing,[]
Web Designing,"['sql', 'css', 'java', 'html', 'javascript']"
Web Designing,"['git', 'css', 'java', 'html', 'javascript']"
Web Designing,"['sql', 'css', 'java', 'html', 'javascript']"
Web Designing,"['git', 'css', 'java', 'html', 'javascript']"
Web Designing,[]
Web Designing,"['sql', 'css', 'java', 'html', 'javascript']"
Web Designing,"['git', 'css', 'java', 'html', 'javascript']"
Web Designing,"['sql', 'css', 'java', 'html', 'javascript']"
Web Designing,"['git', 'css', 'java', 'html', 'javascript']"
Web Designing,[]
Web Designing,"['sql', 'css', 'java', 'html', 'javascript']"
Web Designing,"['git', 'css', 'java', 'html', 'javascript']"
Web Designing,"['sql', 'css', 'java', 'html', 'javascript']"
Web Designing,"['git', 'css', 'java', 'html', 'javascript']"
Web Designing,[]
Web Designing,"['sql', 'css', 'java', 'html', 'javascript']"
Mechanical Engineer,"['excel', 'git']"
Mechanical Engineer,[]
Mechanical Engineer,[]
Mechanical Engineer,[]
Mechanical Engineer,[]
Mechanical Engineer,"['excel', 'git']"
Mechanical Engineer,[]
Mechanical Engineer,[]
Mechanical Engineer,[]
Mechanical Engineer,[]
Mechanical Engineer,"['excel', 'git']"
Mechanical Engineer,[]
Mechanical Engineer,[]
Mechanical Engineer,[]
Mechanical Engineer,[]
Mechanical Engineer,"['excel', 'git']"
Mechanical Engineer,[]
Mechanical Engineer,[]
Mechanical Engineer,[]
Mechanical Engineer,[]
Mechanical Engineer,"['excel', 'git']"
Mechanical Engineer,[]
Mechanical Engineer,[]
Mechanical Engineer,[]
Mechanical Engineer,[]
Mechanical Engineer,"['excel', 'git']"
Mechanical Engineer,[]
Mechanical Engineer,[]
Mechanical Engineer,[]
Mechanical Engineer,[]
Mechanical Engineer,"['excel', 'git']"
Mechanical Engineer,[]
Mechanical Engineer,[]
Mechanical Engineer,[]
Mechanical Engineer,[]
Mechanical Engineer,"['excel', 'git']"
Mechanical Engineer,[]
Mechanical Engineer,[]
Mechanical Engineer,[]
Mechanical Engineer,[]
Sales,[]
Sales,[]
Sales,['excel']
Sales,['sql']
Sales,[]
Sales,[]
Sales,[]
Sales,['excel']
Sales,['sql']
Sales,[]
Sales,[]
Sales,[]
Sales,['excel']
Sales,['sql']
Sales,[]
Sales,[]
Sales,[]
Sales,['excel']
Sales,['sql']
Sales,[]
Sales,[]
Sales,[]
Sales,['excel']
Sales,['sql']
Sales,[]
Sales,[]
Sales,[]
Sales,['excel']
Sales,['sql']
Sales,[]
Sales,[]
Sales,[]
Sales,['excel']
Sales,['sql']
Sales,[]
Sales,[]
Sales,[]
Sales,['excel']
Sales,['sql']
Sales,[]
Health and fitness,[]
Health and fitness,[]
Health and fitness,[]
Health and fitness,['excel']
Health and fitness,[]
Health and fitness,[]
Health and fitness,[]
Health and fitness,[]
Health and fitness,[]
Health and fitness,['excel']
Health and fitness,[]
Health and fitness,[]
Health and fitness,[]
Health and fitness,[]
Health and fitness,[]
Health and fitness,['excel']
Health and fitness,[]
Health and fitness,[]
Health and fitness,[]
Health and fitness,[]
Health and fitness,[]
Health and fitness,['excel']
Health and fitness,[]
Health and fitness,[]
Health and fitness,[]
Health and fitness,[]
Health and fitness,[]
Health and fitness,['excel']
Health and fitness,[]
Health and fitness,[]
Civil Engineer,[]
Civil Engineer,[]
Civil Engineer,['excel']
Civil Engineer,[]
Civil Engineer,['excel']
Civil Engineer,[]
Civil Engineer,[]
Civil Engineer,[]
Civil Engineer,['excel']
Civil Engineer,[]
Civil Engineer,['excel']
Civil Engineer,[]
Civil Engineer,[]
Civil Engineer,[]
Civil Engineer,['excel']
Civil Engineer,[]
Civil Engineer,['excel']
Civil Engineer,[]
Civil Engineer,[]
Civil Engineer,[]
Civil Engineer,['excel']
Civil Engineer,[]
Civil Engineer,['excel']
Civil Engineer,[]
Java Developer,"['java', 'javascript']"
Java Developer,"['java', 'sql', 'linux']"
Java Developer,"['excel', 'java', 'sql']"
Java Developer,"['css', 'java', 'sql', 'html']"
Java Developer,"['java', 'sql']"
Java Developer,"['excel', 'java', 'javascript']"
Java Developer,"['sql', 'linux', 'azure', 'java', 'html', 'javascript']"
Java Developer,"['sql', 'linux', 'azure', 'java', 'html', 'javascript']"
Java Developer,"['java', 'sql']"
Java Developer,"['css', 'java', 'sql', 'html']"
Java Developer,"['sql', 'css', 'java', 'html', 'javascript']"
Java Developer,"['sql', 'css', 'java', 'html', 'javascript']"
Java Developer,"['java', 'javascript']"
Java Developer,"['java', 'sql', 'linux']"
Java Developer,"['java', 'javascript']"
Java Developer,"['java', 'sql', 'linux']"
Java Developer,"['excel', 'java', 'sql']"
Java Developer,"['css', 'java', 'sql', 'html']"
Java Developer,"['java', 'sql']"
Java Developer,"['excel', 'java', 'javascript']"
Java Developer,"['sql', 'linux', 'azure', 'java', 'html', 'javascript']"
Java Developer,"['sql', 'linux', 'azure', 'java', 'html', 'javascript']"
Java Developer,"['java', 'sql']"
Java Developer,"['css', 'java', 'sql', 'html']"
Java Developer,"['sql', 'css', 'java', 'html', 'javascript']"
Java Developer,"['sql', 'css', 'java', 'html', 'javascript']"
Java Developer,"['java', 'javascript']"
Java Developer,"['java', 'sql', 'linux']"
Java Developer,"['java', 'javascript']"
Java Developer,"['java', 'sql', 'linux']"
Java Developer,"['excel', 'java', 'sql']"
Java Developer,"['css', 'java', 'sql', 'html']"
Java Developer,"['java', 'sql']"
Java Developer,"['excel', 'java', 'javascript']"
Java Developer,"['sql', 'linux', 'azure', 'java', 'html', 'javascript']"
Java Developer,"['sql', 'linux', 'azure', 'java', 'html', 'javascript']"
Java Developer,"['java', 'sql']"
Java Developer,"['css', 'java', 'sql', 'html']"
Java Developer,"['sql', 'css', 'java', 'html', 'javascript']"
Java Developer,"['sql', 'css', 'java', 'html', 'javascript']"
Java Developer,"['java', 'javascript']"
Java Developer,"['java', 'sql', 'linux']"
Java Developer,"['java', 'javascript']"
Java Developer,"['java', 'sql', 'linux']"
Java Developer,"['excel', 'java', 'sql']"
Java Developer,"['css', 'java', 'sql', 'html']"
Java Developer,"['java', 'sql']"
Java Developer,"['excel', 'java', 'javascript']"
Java Developer,"['sql', 'linux', 'azure', 'java', 'html', 'javascript']"
Java Developer,"['sql', 'linux', 'azure', 'java', 'html', 'javascript']"
Java Developer,"['java', 'sql']"
Java Developer,"['css', 'java', 'sql', 'html']"
Java Developer,"['sql', 'css', 'java', 'html', 'javascript']"
Java Developer,"['sql', 'css', 'java', 'html', 'javascript']"
Java Developer,"['java', 'javascript']"
Java Developer,"['java', 'sql', 'linux']"
Java Developer,"['java', 'javascript']"
Java Developer,"['java', 'sql', 'linux']"
Java Developer,"['excel', 'java', 'sql']"
Java Developer,"['css', 'java', 'sql', 'html']"
Java Developer,"['java', 'sql']"
Java Developer,"['excel', 'java', 'javascript']"
Java Developer,"['sql', 'linux', 'azure', 'java', 'html', 'javascript']"
Java Developer,"['sql', 'linux', 'azure', 'java', 'html', 'javascript']"
Java Developer,"['java', 'sql']"
Java Developer,"['css', 'java', 'sql', 'html']"
Java Developer,"['sql', 'css', 'java', 'html', 'javascript']"
Java Developer,"['sql', 'css', 'java', 'html', 'javascript']"
Java Developer,"['java', 'javascript']"
Java Developer,"['java', 'sql', 'linux']"
Java Developer,"['java', 'javascript']"
Java Developer,"['java', 'sql', 'linux']"
Java Developer,"['excel', 'java', 'sql']"
Java Developer,"['css', 'java', 'sql', 'html']"
Java Developer,"['java', 'sql']"
Java Developer,"['excel', 'java', 'javascript']"
Java Developer,"['sql', 'linux', 'azure', 'java', 'html', 'javascript']"
Java Developer,"['sql', 'linux', 'azure', 'java', 'html', 'javascript']"
Java Developer,"['java', 'sql']"
Java Developer,"['css', 'java', 'sql', 'html']"
Java Developer,"['sql', 'css', 'java', 'html', 'javascript']"
Java Developer,"['sql', 'css', 'java', 'html', 'javascript']"
Java Developer,"['java', 'javascript']"
Java Developer,"['java', 'sql', 'linux']"
Business Analyst,[]
Business Analyst,['sql']
Business Analyst,"['linux', 'java', 'html', 'excel', 'javascript']"
Business Analyst,"['excel', 'sql']"
Business Analyst,"['excel', 'java', 'html']"
Business Analyst,['excel']
Business Analyst,"['linux', 'java', 'html', 'excel', 'javascript']"
Business Analyst,"['excel', 'sql']"
Business Analyst,"['excel', 'java', 'html']"
Business Analyst,['excel']
Business Analyst,"['linux', 'java', 'html', 'excel', 'javascript']"
Business Analyst,"['excel', 'sql']"
Business Analyst,"['excel', 'java', 'html']"
Business Analyst,['excel']
Business Analyst,[]
Business Analyst,['sql']
Business Analyst,"['linux', 'java', 'html', 'excel', 'javascript']"
Business Analyst,"['excel', 'sql']"
Business Analyst,"['excel', 'java', 'html']"
Business Analyst,['excel']
Business Analyst,"['linux', 'java', 'html', 'excel', 'javascript']"
Business Analyst,"['excel', 'sql']"
Business Analyst,"['excel', 'java', 'html']"
Business Analyst,['excel']
Business Analyst,"['linux', 'java', 'html', 'excel', 'javascript']"
Business Analyst,"['excel', 'sql']"
Business Analyst,"['excel', 'java', 'html']"
Business Analyst,['excel']
SAP Developer,"['java', 'sql', 'python']"
SAP Developer,['sql']
SAP Developer,"['power bi', 'sql']"
SAP Developer,[]
SAP Developer,['excel']
SAP Developer,['excel']
SAP Developer,"['java', 'sql', 'python']"
SAP Developer,['sql']
SAP Developer,"['power bi', 'sql']"
SAP Developer,[]
SAP Developer,['excel']
SAP Developer,['excel']
SAP Developer,"['java', 'sql', 'python']"
SAP Developer,['sql']
SAP Developer,"['power bi', 'sql']"
SAP Developer,[]
SAP Developer,['excel']
SAP Developer,['excel']
SAP Developer,"['java', 'sql', 'python']"
SAP Developer,['sql']
SAP Developer,"['power bi', 'sql']"
SAP Developer,[]
SAP Developer,['excel']
SAP Developer,['excel']
Automation Testing,['excel']
Automation Testing,['java']
Automation Testing,"['machine learning', 'sql', 'java', 'html', 'excel', 'javascript']"
Automation Testing,"['sql', 'linux', 'java', 'python', 'html', 'javascript']"
Automation Testing,['excel']
Automation Testing,['html']
Automation Testing,"['java', 'sql']"
Automation Testing,"['sql', 'linux', 'java', 'python', 'html', 'javascript']"
Automation Testing,['excel']
Automation Testing,"['sql', 'linux', 'java', 'python', 'html', 'javascript']"
Automation Testing,['excel']
Automation Testing,"['sql', 'linux', 'java', 'python', 'html', 'javascript']"
Automation Testing,['excel']
Automation Testing,['excel']
Automation Testing,['java']
Automation Testing,"['machine learning', 'sql', 'java', 'html', 'excel', 'javascript']"
Automation Testing,"['sql', 'linux', 'java', 'python', 'html', 'javascript']"
Automation Testing,['excel']
Automation Testing,['html']
Automation Testing,"['java', 'sql']"
Automation Testing,"['sql', 'linux', 'java', 'python', 'html', 'javascript']"
Automation Testing,['excel']
Automation Testing,"['sql', 'linux', 'java', 'python', 'html', 'javascript']"
Automation Testing,['excel']
Automation Testing,"['sql', 'linux', 'java', 'python', 'html', 'javascript']"
Automation Testing,['excel']
Electrical Engineering,['excel']
Electrical Engineering,['excel']
Electrical Engineering,['git']
Electrical Engineering,[]
Electrical Engineering,[]
Electrical Engineering,['excel']
Electrical Engineering,['excel']
Electrical Engineering,['git']
Electrical Engineering,[]
Electrical Engineering,[]
Electrical Engineering,['excel']
Electrical Engineering,['excel']
Electrical Engineering,['git']
Electrical Engineering,[]
Electrical Engineering,[]
Electrical Engineering,['excel']
Electrical Engineering,['excel']
Electrical Engineering,['git']
Electrical Engineering,[]
Electrical Engineering,[]
Electrical Engineering,['excel']
Electrical Engineering,['excel']
Electrical Engineering,['git']
Electrical Engineering,[]
Electrical Engineering,[]
Electrical Engineering,['excel']
Electrical Engineering,['excel']
Electrical Engineering,['git']
Electrical Engineering,[]
Electrical Engineering,[]
Operations Manager,"['excel', 'sql']"
Operations Manager,['excel']
Operations Manager,[]
Operations Manager,[]
Operations Manager,"['excel', 'sql']"
Operations Manager,['excel']
Operations Manager,[]
Operations Manager,[]
Operations Manager,"['excel', 'sql']"
Operations Manager,['excel']
Operations Manager,[]
Operations Manager,[]
Operations Manager,"['excel', 'sql']"
Operations Manager,['excel']
Operations Manager,[]
Operations Manager,[]
Operations Manager,"['excel', 'sql']"
Operations Manager,['excel']
Operations Manager,[]
Operations Manager,[]
Operations Manager,"['excel', 'sql']"
Operations Manager,['excel']
Operations Manager,[]
Operations Manager,[]
Operations Manager,"['excel', 'sql']"
Operations Manager,['excel']
Operations Manager,[]
Operations Manager,[]
Operations Manager,"['excel', 'sql']"
Operations Manager,['excel']
Operations Manager,[]
Operations Manager,[]
Operations Manager,"['excel', 'sql']"
Operations Manager,['excel']
Operations Manager,[]
Operations Manager,[]
Operations Manager,"['excel', 'sql']"
Operations Manager,['excel']
Operations Manager,[]
Operations Manager,[]
Python Developer,"['numpy', 'sql', 'git', 'css', 'java', 'python', 'html']"
Python Developer,['python']
Python Developer,"['tensorflow', 'sql', 'python', 'numpy']"
Python Developer,"['sql', 'git', 'css', 'python', 'html']"
Python Developer,"['spark', 'numpy', 'sql', 'git', 'python', 'html', 'computer vision', 'excel']"
Python Developer,"['numpy', 'sql', 'pandas', 'java', 'python', 'html', 'excel']"
Python Developer,"['numpy', 'sql', 'git', 'css', 'java', 'python', 'html']"
Python Developer,['python']
Python Developer,"['tensorflow', 'sql', 'python', 'numpy']"
Python Developer,"['sql', 'git', 'css', 'python', 'html']"
Python Developer,"['spark', 'numpy', 'sql', 'git', 'python', 'html', 'computer vision', 'excel']"
Python Developer,"['numpy', 'sql', 'pandas', 'java', 'python', 'html', 'excel']"
Python Developer,"['numpy', 'sql', 'git', 'css', 'java', 'python', 'html']"
Python Developer,['python']
Python Developer,"['tensorflow', 'sql', 'python', 'numpy']"
Python Developer,"['sql', 'git', 'css', 'python', 'html']"
Python Developer,"['spark', 'numpy', 'sql', 'git', 'python', 'html', 'computer vision', 'excel']"
Python Developer,"['numpy', 'sql', 'pandas', 'java', 'python', 'html', 'excel']"
Python Developer,"['numpy', 'sql', 'git', 'css', 'java', 'python', 'html']"
Python Developer,['python']
Python Developer,"['tensorflow', 'sql', 'python', 'numpy']"
Python Developer,"['sql', 'git', 'css', 'python', 'html']"
Python Developer,"['spark', 'numpy', 'sql', 'git', 'python', 'html', 'computer vision', 'excel']"
Python Developer,"['numpy', 'sql', 'pandas', 'java', 'python', 'html', 'excel']"
Python Developer,"['numpy', 'sql', 'git', 'css', 'java', 'python', 'html']"
Python Developer,['python']
Python Developer,"['tensorflow', 'sql', 'python', 'numpy']"
Python Developer,"['sql', 'git', 'css', 'python', 'html']"
Python Developer,"['spark', 'numpy', 'sql', 'git', 'python', 'html', 'computer vision', 'excel']"
Python Developer,"['numpy', 'sql', 'pandas', 'java', 'python', 'html', 'excel']"
Python Developer,"['numpy', 'sql', 'git', 'css', 'java', 'python', 'html']"
Python Developer,['python']
Python Developer,"['tensorflow', 'sql', 'python', 'numpy']"
Python Developer,"['sql', 'git', 'css', 'python', 'html']"
Python Developer,"['spark', 'numpy', 'sql', 'git', 'python', 'html', 'computer vision', 'excel']"
Python Developer,"['numpy', 'sql', 'pandas', 'java', 'python', 'html', 'excel']"
Python Developer,"['numpy', 'sql', 'git', 'css', 'java', 'python', 'html']"
Python Developer,['python']
Python Developer,"['tensorflow', 'sql', 'python', 'numpy']"
Python Developer,"['sql', 'git', 'css', 'python', 'html']"
Python Developer,"['spark', 'numpy', 'sql', 'git', 'python', 'html', 'computer vision', 'excel']"
Python Developer,"['numpy', 'sql', 'pandas', 'java', 'python', 'html', 'excel']"
Python Developer,"['numpy', 'sql', 'git', 'css', 'java', 'python', 'html']"
Python Developer,['python']
Python Developer,"['tensorflow', 'sql', 'python', 'numpy']"
Python Developer,"['sql', 'git', 'css', 'python', 'html']"
Python Developer,"['spark', 'numpy', 'sql', 'git', 'python', 'html', 'computer vision', 'excel']"
Python Developer,"['numpy', 'sql', 'pandas', 'java', 'python', 'html', 'excel']"
DevOps Engineer,"['sql', 'linux', 'azure', 'python', 'html', 'aws']"
DevOps Engineer,"['sql', 'css', 'java', 'python', 'html', 'aws', 'javascript']"
DevOps Engineer,"['java', 'linux', 'git']"
DevOps Engineer,"['machine learning', 'sql', 'azure', 'git', 'tableau', 'css', 'java', 'html', 'aws', 'excel', 'javascript']"
DevOps Engineer,"['sql', 'python', 'git']"
DevOps Engineer,"['sql', 'git', 'java', 'python', 'html', 'aws', 'javascript']"
DevOps Engineer,"['sql', 'git']"
DevOps Engineer,"['sql', 'linux', 'azure', 'python', 'html', 'aws']"
DevOps Engineer,"['sql', 'css', 'java', 'python', 'html', 'aws', 'javascript']"
DevOps Engineer,"['java', 'linux', 'git']"
DevOps Engineer,"['sql', 'linux', 'azure', 'python', 'html', 'aws']"
DevOps Engineer,"['sql', 'css', 'java', 'python', 'html', 'aws', 'javascript']"
DevOps Engineer,"['java', 'linux', 'git']"
DevOps Engineer,"['sql', 'linux', 'azure', 'python', 'html', 'aws']"
DevOps Engineer,"['sql', 'css', 'java', 'python', 'html', 'aws', 'javascript']"
DevOps Engineer,"['java', 'linux', 'git']"
DevOps Engineer,"['sql', 'linux', 'azure', 'python', 'html', 'aws']"
DevOps Engineer,"['sql', 'css', 'java', 'python', 'html', 'aws', 'javascript']"
DevOps Engineer,"['java', 'linux', 'git']"
DevOps Engineer,"['sql', 'linux', 'azure', 'python', 'html', 'aws']"
DevOps Engineer,"['sql', 'css', 'java', 'python', 'html', 'aws', 'javascript']"
DevOps Engineer,"['java', 'linux', 'git']"
DevOps Engineer,"['sql', 'linux', 'azure', 'python', 'html', 'aws']"
DevOps Engineer,"['sql', 'css', 'java', 'python', 'html', 'aws', 'javascript']"
DevOps Engineer,"['java', 'linux', 'git']"
DevOps Engineer,"['sql', 'linux', 'azure', 'python', 'html', 'aws']"
DevOps Engineer,"['sql', 'css', 'java', 'python', 'html', 'aws', 'javascript']"
DevOps Engineer,"['java', 'linux', 'git']"
DevOps Engineer,"['sql', 'linux', 'azure', 'python', 'html', 'aws']"
DevOps Engineer,"['sql', 'css', 'java', 'python', 'html', 'aws', 'javascript']"
DevOps Engineer,"['java', 'linux', 'git']"
DevOps Engineer,"['sql', 'linux', 'azure', 'python', 'html', 'aws']"
DevOps Engineer,"['sql', 'css', 'java', 'python', 'html', 'aws', 'javascript']"
DevOps Engineer,"['java', 'linux', 'git']"
DevOps Engineer,"['sql', 'linux', 'azure', 'python', 'html', 'aws']"
DevOps Engineer,"['sql', 'css', 'java', 'python', 'html', 'aws', 'javascript']"
DevOps Engineer,"['java', 'linux', 'git']"
DevOps Engineer,"['sql', 'linux', 'azure', 'python', 'html', 'aws']"
DevOps Engineer,"['sql', 'css', 'java', 'python', 'html', 'aws', 'javascript']"
DevOps Engineer,"['java', 'linux', 'git']"
DevOps Engineer,"['sql', 'linux', 'azure', 'python', 'html', 'aws']"
DevOps Engineer,"['sql', 'css', 'java', 'python', 'html', 'aws', 'javascript']"
DevOps Engineer,"['java', 'linux', 'git']"
DevOps Engineer,"['sql', 'linux', 'azure', 'python', 'html', 'aws']"
DevOps Engineer,"['sql', 'css', 'java', 'python', 'html', 'aws', 'javascript']"
DevOps Engineer,"['java', 'linux', 'git']"
DevOps Engineer,"['sql', 'linux', 'azure', 'python', 'html', 'aws']"
DevOps Engineer,"['sql', 'css', 'java', 'python', 'html', 'aws', 'javascript']"
DevOps Engineer,"['java', 'linux', 'git']"
DevOps Engineer,"['sql', 'linux', 'azure', 'python', 'html', 'aws']"
DevOps Engineer,"['sql', 'css', 'java', 'python', 'html', 'aws', 'javascript']"
DevOps Engineer,"['java', 'linux', 'git']"
DevOps Engineer,"['sql', 'linux', 'azure', 'python', 'html', 'aws']"
DevOps Engineer,"['sql', 'css', 'java', 'python', 'html', 'aws', 'javascript']"
DevOps Engineer,"['java', 'linux', 'git']"
Network Security Engineer,['excel']
Network Security Engineer,[]
Network Security Engineer,[]
Network Security Engineer,['python']
Network Security Engineer,['linux']
Network Security Engineer,['excel']
Network Security Engineer,[]
Network Security Engineer,[]
Network Security Engineer,['python']
Network Security Engineer,['linux']
Network Security Engineer,['excel']
Network Security Engineer,[]
Network Security Engineer,[]
Network Security Engineer,['python']
Network Security Engineer,['linux']
Network Security Engineer,['excel']
Network Security Engineer,[]
Network Security Engineer,[]
Network Security Engineer,['python']
Network Security Engineer,['linux']
Network Security Engineer,['excel']
Network Security Engineer,[]
Network Security Engineer,[]
Network Security Engineer,['python']
Network Security Engineer,['linux']
PMO,['excel']
PMO,['excel']
PMO,[]
PMO,['excel']
PMO,['excel']
PMO,[]
PMO,['excel']
PMO,['excel']
PMO,[]
PMO,['excel']
PMO,['excel']
PMO,[]
PMO,['excel']
PMO,['excel']
PMO,[]
PMO,['excel']
PMO,['excel']
PMO,[]
PMO,['excel']
PMO,['excel']
PMO,[]
PMO,['excel']
PMO,['excel']
PMO,[]
PMO,['excel']
PMO,['excel']
PMO,[]
PMO,['excel']
PMO,['excel']
PMO,[]
Database,"['sql', 'linux']"
Database,"['sql', 'linux']"
Database,"['java', 'sql', 'azure']"
Database,"['sql', 'linux']"
Database,"['sql', 'linux']"
Database,"['aws', 'sql', 'linux']"
Database,"['sql', 'linux']"
Database,['sql']
Database,[]
Database,"['sql', 'linux']"
Database,"['machine learning', 'sql', 'linux', 'python', 'excel']"
Database,"['sql', 'linux']"
Database,"['sql', 'linux']"
Database,"['java', 'sql', 'azure']"
Database,"['sql', 'linux']"
Database,"['sql', 'linux']"
Database,"['aws', 'sql', 'linux']"
Database,"['sql', 'linux']"
Database,['sql']
Database,[]
Database,"['sql', 'linux']"
Database,"['machine learning', 'sql', 'linux', 'python', 'excel']"
Database,"['sql', 'linux']"
Database,"['sql', 'linux']"
Database,"['java', 'sql', 'azure']"
Database,"['sql', 'linux']"
Database,"['sql', 'linux']"
Database,"['aws', 'sql', 'linux']"
Database,"['sql', 'linux']"
Database,['sql']
Database,[]
Database,"['sql', 'linux']"
Database,"['machine learning', 'sql', 'linux', 'python', 'excel']"
Hadoop,"['hadoop', 'sql', 'linux', 'git', 'java', 'python', 'aws', 'spark']"
Hadoop,"['hadoop', 'sql', 'linux', 'git', 'java', 'spark']"
Hadoop,"['hadoop', 'sql', 'tableau', 'linux', 'spark']"
Hadoop,"['machine learning', 'hadoop', 'sql', 'tableau', 'java', 'python', 'spark']"
Hadoop,"['hadoop', 'sql', 'python', 'html', 'spark']"
Hadoop,"['hadoop', 'sql', 'azure', 'css', 'java', 'python', 'html', 'aws', 'spark', 'javascript']"
Hadoop,"['hadoop', 'sql', 'linux', 'java', 'html', 'spark']"
Hadoop,"['hadoop', 'sql', 'linux', 'git', 'java', 'python', 'aws', 'spark']"
Hadoop,"['hadoop', 'sql', 'linux', 'git', 'java', 'spark']"
Hadoop,"['hadoop', 'sql', 'tableau', 'linux', 'spark']"
Hadoop,"['machine learning', 'hadoop', 'sql', 'tableau', 'java', 'python', 'spark']"
Hadoop,"['hadoop', 'sql', 'python', 'html', 'spark']"
Hadoop,"['hadoop', 'sql', 'azure', 'css', 'java', 'python', 'html', 'aws', 'spark', 'javascript']"
Hadoop,"['hadoop', 'sql', 'linux', 'java', 'html', 'spark']"
Hadoop,"['hadoop', 'sql', 'linux', 'git', 'java', 'python', 'aws', 'spark']"
Hadoop,"['hadoop', 'sql', 'linux', 'git', 'java', 'spark']"
Hadoop,"['hadoop', 'sql', 'tableau', 'linux', 'spark']"
Hadoop,"['machine learning', 'hadoop', 'sql', 'tableau', 'java', 'python', 'spark']"
Hadoop,"['hadoop', 'sql', 'python', 'html', 'spark']"
Hadoop,"['hadoop', 'sql', 'azure', 'css', 'java', 'python', 'html', 'aws', 'spark', 'javascript']"
Hadoop,"['hadoop', 'sql', 'linux', 'java', 'html', 'spark']"
Hadoop,"['hadoop', 'sql', 'linux', 'git', 'java', 'python', 'aws', 'spark']"
Hadoop,"['hadoop', 'sql', 'linux', 'git', 'java', 'spark']"
Hadoop,"['hadoop', 'sql', 'tableau', 'linux', 'spark']"
Hadoop,"['machine learning', 'hadoop', 'sql', 'tableau', 'java', 'python', 'spark']"
Hadoop,"['hadoop', 'sql', 'python', 'html', 'spark']"
Hadoop,"['hadoop', 'sql', 'azure', 'css', 'java', 'python', 'html', 'aws', 'spark', 'javascript']"
Hadoop,"['hadoop', 'sql', 'linux', 'java', 'html', 'spark']"
Hadoop,"['hadoop', 'sql', 'linux', 'git', 'java', 'python', 'aws', 'spark']"
Hadoop,"['hadoop', 'sql', 'linux', 'git', 'java', 'spark']"
Hadoop,"['hadoop', 'sql', 'tableau', 'linux', 'spark']"
Hadoop,"['machine learning', 'hadoop', 'sql', 'tableau', 'java', 'python', 'spark']"
Hadoop,"['hadoop', 'sql', 'python', 'html', 'spark']"
Hadoop,"['hadoop', 'sql', 'azure', 'css', 'java', 'python', 'html', 'aws', 'spark', 'javascript']"
Hadoop,"['hadoop', 'sql', 'linux', 'java', 'html', 'spark']"
Hadoop,"['hadoop', 'sql', 'linux', 'git', 'java', 'python', 'aws', 'spark']"
Hadoop,"['hadoop', 'sql', 'linux', 'git', 'java', 'spark']"
Hadoop,"['hadoop', 'sql', 'tableau', 'linux', 'spark']"
Hadoop,"['machine learning', 'hadoop', 'sql', 'tableau', 'java', 'python', 'spark']"
Hadoop,"['hadoop', 'sql', 'python', 'html', 'spark']"
Hadoop,"['hadoop', 'sql', 'azure', 'css', 'java', 'python', 'html', 'aws', 'spark', 'javascript']"
Hadoop,"['hadoop', 'sql', 'linux', 'java', 'html', 'spark']"
ETL Developer,['sql']
ETL Developer,['sql']
ETL Developer,['sql']
ETL Developer,"['aws', 'excel', 'java', 'sql']"
ETL Developer,['sql']
ETL Developer,['sql']
ETL Developer,['sql']
ETL Developer,['sql']
ETL Developer,"['aws', 'excel', 'java', 'sql']"
ETL Developer,['sql']
ETL Developer,['sql']
ETL Developer,['sql']
ETL Developer,['sql']
ETL Developer,"['aws', 'excel', 'java', 'sql']"
ETL Developer,['sql']
ETL Developer,['sql']
ETL Developer,['sql']
ETL Developer,['sql']
ETL Developer,"['aws', 'excel', 'java', 'sql']"
ETL Developer,['sql']
ETL Developer,['sql']
ETL Developer,['sql']
ETL Developer,['sql']
ETL Developer,"['aws', 'excel', 'java', 'sql']"
ETL Developer,['sql']
ETL Developer,['sql']
ETL Developer,['sql']
ETL Developer,['sql']
ETL Developer,"['aws', 'excel', 'java', 'sql']"
ETL Developer,['sql']
ETL Developer,['sql']
ETL Developer,['sql']
ETL Developer,['sql']
ETL Developer,"['aws', 'excel', 'java', 'sql']"
ETL Developer,['sql']
ETL Developer,['sql']
ETL Developer,['sql']
ETL Developer,['sql']
ETL Developer,"['aws', 'excel', 'java', 'sql']"
ETL Developer,['sql']
DotNet Developer,"['sql', 'css', 'java', 'html', 'javascript']"
DotNet Developer,"['sql', 'css', 'java', 'html', 'javascript']"
DotNet Developer,"['sql', 'css', 'java', 'html', 'javascript']"
DotNet Developer,[]
DotNet Developer,"['sql', 'git', 'java', 'html', 'javascript']"
DotNet Developer,"['sql', 'css', 'java', 'html', 'javascript']"
DotNet Developer,"['css', 'excel', 'sql', 'html']"
DotNet Developer,"['sql', 'css', 'java', 'html', 'javascript']"
DotNet Developer,"['sql', 'css', 'java', 'html', 'javascript']"
DotNet Developer,"['sql', 'css', 'java', 'html', 'javascript']"
DotNet Developer,[]
DotNet Developer,"['sql', 'git', 'java', 'html', 'javascript']"
DotNet Developer,"['sql', 'css', 'java', 'html', 'javascript']"
DotNet Developer,"['css', 'excel', 'sql', 'html']"
DotNet Developer,"['sql', 'css', 'java', 'html', 'javascript']"
DotNet Developer,"['sql', 'css', 'java', 'html', 'javascript']"
DotNet Developer,"['sql', 'css', 'java', 'html', 'javascript']"
DotNet Developer,[]
DotNet Developer,"['sql', 'git', 'java', 'html', 'javascript']"
DotNet Developer,"['sql', 'css', 'java', 'html', 'javascript']"
DotNet Developer,"['css', 'excel', 'sql', 'html']"
DotNet Developer,"['sql', 'css', 'java', 'html', 'javascript']"
DotNet Developer,"['sql', 'css', 'java', 'html', 'javascript']"
DotNet Developer,"['sql', 'css', 'java', 'html', 'javascript']"
DotNet Developer,[]
DotNet Developer,"['sql', 'git', 'java', 'html', 'javascript']"
DotNet Developer,"['sql', 'css', 'java', 'html', 'javascript']"
DotNet Developer,"['css', 'excel', 'sql', 'html']"
Blockchain,[]
Blockchain,"['aws', 'docker', 'sql', 'git']"
Blockchain,"['sql', 'css', 'java', 'python', 'html']"
Blockchain,"['sql', 'css', 'java', 'html', 'javascript']"
Blockchain,"['machine learning', 'java', 'computer vision']"
Blockchain,[]
Blockchain,"['aws', 'docker', 'sql', 'git']"
Blockchain,"['sql', 'css', 'java', 'python', 'html']"
Blockchain,"['sql', 'css', 'java', 'html', 'javascript']"
Blockchain,"['machine learning', 'java', 'computer vision']"
Blockchain,[]
Blockchain,"['aws', 'docker', 'sql', 'git']"
Blockchain,"['sql', 'css', 'java', 'python', 'html']"
Blockchain,"['sql', 'css', 'java', 'html', 'javascript']"
Blockchain,"['machine learning', 'java', 'computer vision']"
Blockchain,[]
Blockchain,"['aws', 'docker', 'sql', 'git']"
Blockchain,"['sql', 'css', 'java', 'python', 'html']"
Blockchain,"['sql', 'css', 'java', 'html', 'javascript']"
Blockchain,"['machine learning', 'java', 'computer vision']"
Blockchain,[]
Blockchain,"['aws', 'docker', 'sql', 'git']"
Blockchain,"['sql', 'css', 'java', 'python', 'html']"
Blockchain,"['sql', 'css', 'java', 'html', 'javascript']"
Blockchain,"['machine learning', 'java', 'computer vision']"
Blockchain,[]
Blockchain,"['aws', 'docker', 'sql', 'git']"
Blockchain,"['sql', 'css', 'java', 'python', 'html']"
Blockchain,"['sql', 'css', 'java', 'html', 'javascript']"
Blockchain,"['machine learning', 'java', 'computer vision']"
Blockchain,[]
Blockchain,"['aws', 'docker', 'sql', 'git']"
Blockchain,"['sql', 'css', 'java', 'python', 'html']"
Blockchain,"['sql', 'css', 'java', 'html', 'javascript']"
Blockchain,"['machine learning', 'java', 'computer vision']"
Blockchain,[]
Blockchain,"['aws', 'docker', 'sql', 'git']"
Blockchain,"['sql', 'css', 'java', 'python', 'html']"
Blockchain,"['sql', 'css', 'java', 'html', 'javascript']"
Blockchain,"['machine learning', 'java', 'computer vision']"
Testing,[]
Testing,"['excel', 'java', 'linux']"
Testing,['excel']
Testing,[]
Testing,[]
Testing,[]
Testing,"['css', 'java', 'sql', 'html']"
Testing,[]
Testing,"['excel', 'java', 'linux']"
Testing,['excel']
Testing,[]
Testing,[]
Testing,[]
Testing,"['css', 'java', 'sql', 'html']"
Testing,[]
Testing,"['excel', 'java', 'linux']"
Testing,['excel']
Testing,[]
Testing,[]
Testing,[]
Testing,"['css', 'java', 'sql', 'html']"
Testing,[]
Testing,"['excel', 'java', 'linux']"
Testing,['excel']
Testing,[]
Testing,[]
Testing,[]
Testing,"['css', 'java', 'sql', 'html']"
Testing,[]
Testing,"['excel', 'java', 'linux']"
Testing,['excel']
Testing,[]
Testing,[]
Testing,[]
Testing,"['css', 'java', 'sql', 'html']"
Testing,[]
Testing,"['excel', 'java', 'linux']"
Testing,['excel']
Testing,[]
Testing,[]
Testing,[]
Testing,"['css', 'java', 'sql', 'html']"
Testing,[]
Testing,"['excel', 'java', 'linux']"
Testing,['excel']
Testing,[]
Testing,[]
Testing,[]
Testing,"['css', 'java', 'sql', 'html']"
Testing,[]
Testing,"['excel', 'java', 'linux']"
Testing,['excel']
Testing,[]
Testing,[]
Testing,[]
Testing,"['css', 'java', 'sql', 'html']"
Testing,[]
Testing,"['excel', 'java', 'linux']"
Testing,['excel']
Testing,[]
Testing,[]
Testing,[]
Testing,"['css', 'java', 'sql', 'html']"
Testing,[]
Testing,"['excel', 'java', 'linux']"
Testing,['excel']
Testing,[]
Testing,[]
Testing,[]
Testing,"['css', 'java', 'sql', 'html']"
