Name,Email,Course,Branch,Graduation Year,Company,Job Role,Salary (INR),Location,Placement Date
Yasmin Yadav,ibrar@gmail.com,B.Sc,Civil,2020,Google,Web Developer,808813,Delhi,2024-08-14
Ritvik Kalla,stuvansaxena@hotmail.com,BCA,EEE,2022,Accenture,Support Engineer,309179,Bangalore,2025-02-05
Rasha Dewan,neysasule@yahoo.com,B.Com,IT,2023,Accenture,Software Engineer,711614,Hyderabad,2024-03-09
Indranil Sawhney,sekhonraghav@hotmail.com,BBA,Mechanical,2024,TCS,Consultant,717444,Mumbai,2023-10-18
Aarav Konda,kurianshray@bava.com,BCA,IT,2023,IBM,Data Analyst,1171796,Hyderabad,2023-11-09
Hridaan Sura,rhea00@sengupta-vasa.net,B.Com,Civil,2023,IBM,Data Analyst,908144,Bangalore,2024-02-29
Mahika Bhalla,dsibal@deol.com,BCA,CSE,2022,IBM,Data Analyst,435724,Mumbai,2025-02-20
Nitya Chadha,bordevaibhav@yahoo.com,B.Sc,CSE,2020,Deloitte,Web Developer,466990,Chennai,2023-03-23
Eshani Rajagopalan,drishyarau@chaudhari-sarraf.com,BCA,Civil,2022,Wipro,Software Engineer,942466,Bangalore,2025-02-05
Samarth Bhatia,kapadiasamiha@yahoo.com,BBA,IT,2022,Accenture,System Engineer,1133182,Hyderabad,2022-07-04
Romil Gour,dvirk@dhar.info,BCA,EEE,2020,Wipro,Consultant,536938,Hyderabad,2022-05-17
Vanya Mahajan,zain40@gmail.com,B.Sc,EEE,2020,IBM,Consultant,963896,Chennai,2024-03-03
Hrishita Wadhwa,xkibe@virk.biz,B.Com,CSE,2023,TCS,Support Engineer,316883,Mumbai,2024-03-10
Onkar Dhar,pwali@hotmail.com,B.Com,EEE,2020,IBM,Web Developer,569121,Bangalore,2022-05-24
Ahana  Master,jayant51@dua-ganesan.com,BA,Civil,2024,TCS,System Engineer,1041638,Delhi,2022-09-06
Siya Gandhi,navya79@hotmail.com,B.Com,ECE,2024,Infosys,Data Analyst,968107,Hyderabad,2022-05-18
Raghav Bhatti,lbora@hotmail.com,BCA,IT,2020,Deloitte,Data Analyst,768147,Chennai,2022-08-02
Heer Badal,dshetty@wali.com,BBA,EEE,2022,Deloitte,Data Analyst,1154005,Pune,2022-04-11
Trisha Mammen,sagate@bhatia-sarma.com,B.Sc,CSE,2023,Wipro,Data Analyst,405451,Bangalore,2022-08-05
Samiha Kaur,malhotralakshit@hotmail.com,B.Tech,CSE,2024,TCS,System Engineer,1051870,Chennai,2024-09-25
Hunar Keer,hayreaniruddh@hotmail.com,B.Tech,CSE,2021,IBM,System Engineer,1089419,Mumbai,2022-09-29
Pari Chacko,idass@hotmail.com,B.Com,Civil,2022,Capgemini,Consultant,866420,Bangalore,2022-08-23
Sana Kapur,faggarwal@gmail.com,BBA,Mechanical,2022,Accenture,Data Analyst,1129556,Hyderabad,2023-06-25
Hiran Ratti,fwalia@hotmail.com,B.Sc,EEE,2021,IBM,Web Developer,685882,Delhi,2023-03-09
Shaan Konda,shaan92@yahoo.com,B.Com,EEE,2023,Infosys,Web Developer,682562,Mumbai,2023-12-30
Yuvraj  Dhingra,mehul07@kaur.com,B.Tech,CSE,2023,Amazon,Consultant,1136597,Bangalore,2022-11-27
Ojas Kunda,parinaazcheema@hotmail.com,B.Sc,IT,2021,Accenture,System Engineer,433856,Hyderabad,2023-02-13
Riya Saha,kartikbala@yahoo.com,B.Sc,EEE,2020,Microsoft,Data Analyst,707188,Hyderabad,2023-03-19
Zoya Tiwari,akarsh99@chauhan.com,BCA,IT,2020,Microsoft,Software Engineer,467741,Chennai,2024-09-04
Indranil Rout,bajajritvik@sankar.org,B.Sc,ECE,2023,IBM,Software Engineer,662951,Bangalore,2023-07-18
Alisha Lalla,qmander@gmail.com,BCA,CSE,2024,IBM,Support Engineer,951804,Chennai,2022-10-17
Nitara Sinha,uaggarwal@barad-ravi.info,B.Sc,IT,2024,Capgemini,Data Analyst,784023,Pune,2022-06-03
Renee Ramaswamy,inaaya-78@yahoo.com,BA,EEE,2021,Microsoft,Data Analyst,1068982,Bangalore,2024-08-09
Oorja Jani,anvidhar@tella.com,B.Com,EEE,2023,TCS,Software Engineer,1090313,Hyderabad,2023-04-19
Elakshi Bal,umannan@balan-kapoor.com,B.Tech,ECE,2022,Capgemini,Data Analyst,821454,Chennai,2023-10-12
Anahi Bal,zeeshande@gmail.com,BBA,Civil,2021,IBM,System Engineer,394707,Pune,2025-01-07
Pari Rajagopalan,wallakabir@hotmail.com,BA,IT,2024,Microsoft,Web Developer,1123201,Mumbai,2022-07-05
Prisha Goyal,mannat47@dugal-buch.com,B.Com,EEE,2022,Infosys,Support Engineer,359436,Bangalore,2024-10-27
Romil Dey,wandra@kari-tripathi.com,BA,Civil,2020,Microsoft,Consultant,1153194,Pune,2023-12-07
Reyansh Trivedi,dugalriaan@mannan-ray.com,B.Tech,Civil,2024,IBM,Data Analyst,302414,Mumbai,2024-04-05
Alisha Venkatesh,obaral@mahal.info,BA,EEE,2023,IBM,Data Analyst,1098437,Pune,2024-12-08
Himmat Sule,qkapoor@gmail.com,BA,Mechanical,2022,Infosys,Software Engineer,401997,Pune,2022-08-09
Trisha Venkatesh,chirag97@iyer.com,BA,EEE,2021,Google,System Engineer,649215,Hyderabad,2022-10-12
Anvi Ram,nayantara35@shah.com,B.Sc,CSE,2020,Google,Data Analyst,1029981,Pune,2024-03-18
Eva Borde,kapurtanya@hotmail.com,BBA,Mechanical,2020,Deloitte,Consultant,873103,Pune,2022-09-13
Piya Bala,walimiraya@gmail.com,B.Com,EEE,2021,Microsoft,Consultant,935960,Chennai,2025-02-06
Dharmajan Varma,darshitsheth@yahoo.com,B.Sc,IT,2024,Microsoft,Software Engineer,798409,Chennai,2023-05-24
Samarth Rajan,dkaur@yahoo.com,B.Com,ECE,2021,Deloitte,Software Engineer,702197,Chennai,2023-07-13
Tejas Kashyap,aayush38@yahoo.com,B.Com,Civil,2021,IBM,Support Engineer,857364,Delhi,2023-01-03
Heer Guha,hrishitasehgal@barman.com,B.Com,CSE,2020,Amazon,Data Analyst,395097,Chennai,2023-08-13
Alia Krish,arorasaira@sagar.com,BBA,Civil,2024,Microsoft,Web Developer,410798,Delhi,2022-07-13
Anahi Lanka,shraykhosla@sarin.info,B.Com,EEE,2024,Google,Web Developer,698046,Mumbai,2024-01-20
Damini Rajagopal,gtaneja@hotmail.com,BBA,EEE,2020,IBM,Web Developer,553099,Mumbai,2023-06-08
Arhaan Baria,arnavkorpal@hotmail.com,B.Sc,Civil,2023,TCS,Web Developer,1024413,Chennai,2022-11-20
Riya Dugal,ysharma@yahoo.com,BA,Civil,2023,TCS,Web Developer,1125183,Delhi,2022-05-20
Pranay Samra,skannan@yahoo.com,BA,Mechanical,2024,Microsoft,Consultant,915118,Pune,2022-09-10
Yakshit Shah,hunarswamy@bhatti-srinivasan.com,B.Com,IT,2024,Accenture,Software Engineer,1136712,Chennai,2024-03-28
Arhaan Kamdar,thakeryuvaan@jain-bhalla.org,B.Com,CSE,2024,Wipro,Consultant,798408,Hyderabad,2022-06-27
Divyansh Cherian,eshanishenoy@yahoo.com,B.Com,CSE,2023,Deloitte,Software Engineer,303206,Mumbai,2024-09-14
Neelofar Ganesh,badal86@mannan.com,B.Com,EEE,2023,Deloitte,Software Engineer,575078,Chennai,2023-04-14
Sara Dugar,sanadivan@gmail.com,B.Sc,CSE,2021,IBM,Support Engineer,325734,Bangalore,2022-09-21
Kanav Dewan,rvasa@dixit.net,B.Com,EEE,2024,IBM,Data Analyst,505991,Hyderabad,2023-02-10
Yashvi Vasa,laganchada@shankar.org,BA,IT,2021,Capgemini,Data Analyst,999454,Pune,2025-01-31
Kiara Das,groverhrishita@chadha.com,BBA,EEE,2021,Wipro,Web Developer,370643,Chennai,2022-08-30
Divyansh Bawa,ehsaan15@hotmail.com,B.Tech,CSE,2022,TCS,Support Engineer,1032666,Hyderabad,2022-05-12
Dishani Saran,chandrankanav@hotmail.com,B.Sc,IT,2024,Google,Support Engineer,339646,Delhi,2023-05-10
Kismat Konda,warora@bassi.com,BBA,IT,2024,Capgemini,Data Analyst,626871,Delhi,2024-08-21
Stuvan Saini,bordedhanush@yahoo.com,BA,EEE,2022,Accenture,System Engineer,920927,Hyderabad,2023-02-13
Tiya Trivedi,raniabalasubramanian@yahoo.com,BA,Civil,2024,Accenture,Support Engineer,439326,Delhi,2024-10-23
Hridaan Ramanathan,kiarakant@hotmail.com,BA,Mechanical,2022,Accenture,Data Analyst,631747,Hyderabad,2024-12-06
Aradhya Sastry,gatikvig@shere-suri.biz,BA,Mechanical,2022,Infosys,Data Analyst,403869,Hyderabad,2023-11-15
Alisha Mannan,trivedikaira@gmail.com,B.Sc,ECE,2020,Capgemini,Consultant,946347,Pune,2023-03-02
Madhav Jha,nsoman@hotmail.com,BBA,EEE,2022,Deloitte,Data Analyst,505673,Hyderabad,2022-05-02
Shaan Bajwa,samar15@setty-dhar.com,B.Com,IT,2022,Capgemini,Consultant,413240,Mumbai,2022-06-10
Vardaniya Raman,viswanathanmadhav@wagle-lad.net,B.Sc,Civil,2023,Accenture,Data Analyst,1042346,Delhi,2022-07-24
Kiaan Buch,lmani@hotmail.com,B.Sc,Mechanical,2023,Google,Consultant,1003594,Hyderabad,2024-03-22
Rhea Kohli,mchandran@hotmail.com,BA,Mechanical,2023,TCS,Support Engineer,524008,Delhi,2022-09-12
Aaina Balay,nsagar@venkataraman-vaidya.com,BA,Civil,2021,Amazon,Data Analyst,539971,Mumbai,2022-05-19
Jayesh Chopra,kavya61@yahoo.com,B.Tech,IT,2020,Amazon,Support Engineer,1035285,Mumbai,2024-04-11
Alisha Agrawal,hrishita02@dalia-upadhyay.info,B.Tech,IT,2021,Microsoft,Support Engineer,659556,Pune,2023-03-12
Kanav Sawhney,anaya15@yahoo.com,B.Com,ECE,2021,Infosys,Software Engineer,327830,Bangalore,2023-06-08
Aaryahi Mallick,divananahita@madan.com,B.Tech,IT,2023,Wipro,Data Analyst,413605,Delhi,2024-11-04
Dishani Bahl,buchumang@gmail.com,BCA,ECE,2023,Infosys,Web Developer,755166,Bangalore,2023-12-16
Anay Sankaran,dhanush01@jha.com,B.Sc,CSE,2022,Infosys,System Engineer,561431,Hyderabad,2024-11-07
Vritika Chacko,crao@talwar-batta.com,BCA,Mechanical,2021,Microsoft,Consultant,1114496,Chennai,2023-04-03
Heer Dhillon,umangkeer@gmail.com,BA,ECE,2023,Google,Support Engineer,554550,Bangalore,2023-03-06
Raunak Swaminathan,sahniaarush@sagar-dalia.com,BBA,ECE,2020,Capgemini,System Engineer,545328,Mumbai,2022-08-05
Fateh Randhawa,saramaharaj@kant.net,B.Com,Mechanical,2022,Accenture,Software Engineer,837692,Bangalore,2023-07-25
Nehmat Choudhry,sharmasahil@hotmail.com,B.Sc,EEE,2020,Amazon,Software Engineer,889136,Bangalore,2024-02-16
Jayant Choudhury,anviissac@yahoo.com,B.Sc,EEE,2024,TCS,Web Developer,542480,Mumbai,2024-06-04
Neysa Varty,krishfarhan@chaudhuri-basu.com,BA,IT,2023,Amazon,Software Engineer,1059869,Hyderabad,2023-10-02
Bhamini Bandi,indranillad@hotmail.com,B.Sc,Civil,2022,Capgemini,Support Engineer,580890,Hyderabad,2022-08-02
Rati Khosla,iyermiraya@hotmail.com,B.Tech,EEE,2020,Infosys,Support Engineer,1052580,Pune,2023-10-16
Taran Kumer,kumeraaryahi@hotmail.com,B.Com,EEE,2022,IBM,Web Developer,413214,Delhi,2023-02-02
Anya Mane,tarini21@gmail.com,B.Sc,EEE,2020,IBM,Support Engineer,636148,Bangalore,2022-08-24
Reyansh Comar,ojas68@warrior-dube.com,BBA,Civil,2024,Infosys,Support Engineer,657497,Chennai,2023-09-23
Mannat Wali,navya91@gmail.com,BBA,Civil,2024,Accenture,Web Developer,428055,Mumbai,2025-02-05
Elakshi Vasa,saira86@gmail.com,BBA,ECE,2021,Amazon,System Engineer,789065,Bangalore,2024-01-26
Jhanvi Doshi,jivikagill@bains-hayer.com,B.Tech,IT,2022,Google,Web Developer,1125865,Chennai,2022-07-13
Gokul Sarna,karnikira@iyengar-thaker.com,B.Tech,Civil,2024,Infosys,Data Analyst,920036,Hyderabad,2022-11-09
Nishith Bhardwaj,uppalsumer@gmail.com,BCA,CSE,2024,Deloitte,Data Analyst,918971,Pune,2022-05-13
Parinaaz Contractor,kuriandhanush@subramaniam-chand.info,BCA,Mechanical,2023,Deloitte,Data Analyst,978293,Chennai,2024-04-20
Zara Loke,mannkhushi@hotmail.com,B.Sc,IT,2024,TCS,System Engineer,551095,Hyderabad,2023-02-15
Manikya Khanna,indrajit40@hotmail.com,B.Com,Mechanical,2022,TCS,Web Developer,393723,Chennai,2024-12-03
Aarav Divan,vihaankohli@sur.com,B.Sc,IT,2022,Deloitte,Data Analyst,849231,Chennai,2023-11-25
Biju Walia,rastogivaibhav@yahoo.com,B.Sc,ECE,2020,IBM,Support Engineer,796974,Mumbai,2024-07-12
Nitara Lall,darshitgulati@hotmail.com,BCA,Civil,2022,Infosys,Consultant,465055,Chennai,2022-04-10
Yuvaan Sinha,hrishita67@bali.com,BA,Mechanical,2024,Wipro,System Engineer,609061,Bangalore,2024-06-25
Parinaaz Sahota,navya19@gmail.com,BCA,ECE,2020,IBM,System Engineer,1064830,Mumbai,2023-02-01
Yashvi Bhardwaj,vivaan41@hari.com,B.Sc,Civil,2020,Capgemini,Data Analyst,1196618,Chennai,2023-08-24
Pihu Chhabra,lrajan@mandal.com,BCA,CSE,2020,Wipro,Support Engineer,718063,Mumbai,2023-09-10
Taimur Bala,madhup95@tailor-bakshi.net,B.Tech,IT,2020,Infosys,Software Engineer,816450,Bangalore,2024-05-03
Ira Jha,jayant19@sethi.com,B.Tech,EEE,2023,Amazon,Support Engineer,1130013,Delhi,2024-08-09
Amira Lad,tchander@krish-sharma.com,BBA,EEE,2022,Amazon,Support Engineer,1099845,Delhi,2024-09-15
Faiyaz Shenoy,dhanushsrinivas@ghosh-choudhary.org,B.Com,CSE,2024,Capgemini,Software Engineer,674424,Pune,2024-03-19
Amira Bora,yhanda@kumar-desai.com,B.Com,EEE,2021,Google,Web Developer,322399,Mumbai,2025-01-19
Divyansh Bhakta,tarini71@gmail.com,BA,ECE,2022,Wipro,Support Engineer,500385,Hyderabad,2025-02-23
Aaina Goswami,miraan10@gmail.com,B.Sc,ECE,2024,Wipro,Web Developer,904078,Bangalore,2023-09-15
Drishya Sur,horatarini@gmail.com,BA,ECE,2023,TCS,Support Engineer,416721,Bangalore,2024-09-17
Nitara Sha,tarabaral@walia-kanda.com,B.Com,Civil,2022,Deloitte,System Engineer,469670,Mumbai,2025-02-14
Mahika Wable,zarawali@yahoo.com,BBA,Civil,2020,Infosys,System Engineer,417764,Delhi,2024-08-14
Advika Chakraborty,rameshnitya@yahoo.com,BBA,IT,2023,Deloitte,Data Analyst,904124,Mumbai,2022-08-04
Rhea Bumb,jmammen@ratti-mane.com,B.Sc,IT,2023,Wipro,System Engineer,366560,Hyderabad,2023-02-23
Sara Joshi,vihaan17@khurana.org,BBA,CSE,2024,IBM,Data Analyst,1163747,Pune,2025-01-19
Tushar Bahl,mishti01@yahoo.com,BA,Mechanical,2024,TCS,Consultant,1146271,Bangalore,2024-08-22
Advik Ray,badalkala@ram-rajan.biz,BBA,ECE,2020,Infosys,Consultant,813108,Bangalore,2023-06-13
Tarini Raval,sahotashaan@shan.com,BBA,EEE,2023,Microsoft,Consultant,1126698,Pune,2023-11-13
Oorja Rastogi,tkanda@yahoo.com,B.Sc,Mechanical,2020,Infosys,Consultant,464912,Pune,2024-01-06
Oorja Shan,kundakrish@anand.net,B.Tech,Mechanical,2022,IBM,System Engineer,562873,Pune,2022-05-23
Dhanush Biswas,ayeshaahluwalia@yahoo.com,BA,Mechanical,2022,Deloitte,Consultant,472167,Pune,2022-07-10
Ira Dâ€™Alia,sehersubramanian@bawa-ganguly.com,BA,IT,2024,Capgemini,Web Developer,1019639,Mumbai,2022-06-28
Anahita Ravel,myra11@hotmail.com,BBA,Mechanical,2024,Microsoft,Software Engineer,472257,Delhi,2023-02-13
Zain Shetty,wkapur@venkatesh-bhatt.com,BBA,ECE,2024,Wipro,Consultant,1022640,Delhi,2024-12-30
Veer Kakar,csachdeva@lad.com,BBA,Civil,2024,Microsoft,Consultant,773742,Mumbai,2023-12-01
Ranbir Joshi,vaibhavbaral@hotmail.com,BCA,EEE,2020,TCS,System Engineer,353757,Mumbai,2023-04-12
Armaan Gandhi,tiya84@halder.biz,B.Tech,Mechanical,2021,Amazon,Web Developer,1065129,Mumbai,2024-04-28
Kavya Rajan,dassfarhan@kade-agarwal.com,B.Com,IT,2020,Wipro,Support Engineer,481959,Mumbai,2025-01-17
Kismat Mandal,xbabu@kari.com,B.Tech,ECE,2024,Wipro,Data Analyst,508053,Bangalore,2023-05-30
Ivan Dubey,prajan@vig.com,B.Com,ECE,2021,Amazon,Support Engineer,543970,Pune,2025-02-04
Alisha Bal,ddua@balasubramanian.com,B.Com,Mechanical,2022,Infosys,Support Engineer,514790,Delhi,2025-02-11
Adah Kala,rhea79@saha.com,BCA,EEE,2022,IBM,Consultant,1063113,Hyderabad,2024-02-22
Gokul Bora,armaan01@bandi.biz,BCA,EEE,2022,Accenture,Data Analyst,832264,Chennai,2024-10-17
Jayant Khosla,osaran@tailor-balay.com,B.Sc,Civil,2023,Amazon,System Engineer,588463,Bangalore,2024-07-25
Ayesha Jha,imaster@basak.com,BCA,Civil,2023,Accenture,System Engineer,861105,Pune,2024-12-11
Anay Lala,diya15@doctor-dhar.com,BBA,Mechanical,2022,Infosys,Support Engineer,806962,Hyderabad,2023-02-26
Vaibhav Karan,chanderkanav@vaidya.com,B.Tech,ECE,2023,Accenture,Web Developer,630657,Bangalore,2024-04-26
Zaina Thaker,riya22@gmail.com,B.Tech,IT,2020,Microsoft,Web Developer,569727,Pune,2023-08-08
Lakshit Talwar,esavant@garde-sura.biz,BBA,Mechanical,2020,Microsoft,Support Engineer,877710,Mumbai,2022-10-15
Riya Sinha,anay64@hotmail.com,B.Com,EEE,2024,Microsoft,Software Engineer,318249,Hyderabad,2022-11-29
Jayesh Raja,madhupbrar@hotmail.com,BCA,Civil,2023,Infosys,Support Engineer,847434,Hyderabad,2023-06-29
Advika Yadav,ravalpiya@keer.org,BBA,IT,2021,Amazon,Web Developer,866913,Chennai,2023-06-07
Madhav Srinivas,darjivika@yahoo.com,B.Tech,EEE,2021,Deloitte,Consultant,1032353,Chennai,2022-09-19
Taimur Tella,emir33@yahoo.com,BBA,EEE,2022,TCS,Consultant,617776,Chennai,2022-06-02
Shanaya Mallick,zbaria@yahoo.com,BA,Mechanical,2022,IBM,System Engineer,646662,Pune,2022-10-07
Dishani Luthra,adah34@gmail.com,B.Com,CSE,2021,Google,Consultant,568336,Delhi,2024-06-10
Mohanlal Golla,sagarrenee@hotmail.com,B.Com,Mechanical,2024,Wipro,System Engineer,713453,Chennai,2023-10-25
Aradhya Kale,myra78@hotmail.com,BA,ECE,2020,Wipro,Support Engineer,1059843,Delhi,2023-07-10
Nirvaan Bhagat,dhruv71@gmail.com,BCA,Mechanical,2021,Google,Data Analyst,541314,Delhi,2025-01-04
Adah Vyas,brargatik@yahoo.com,B.Sc,Civil,2020,Google,Consultant,621377,Hyderabad,2023-09-29
Krish Chahal,manjari16@yahoo.com,BA,Mechanical,2022,Capgemini,System Engineer,1051517,Chennai,2023-04-18
Eva Divan,samarthganesh@sawhney.com,BCA,IT,2020,TCS,Support Engineer,605874,Chennai,2022-12-08
Alia Bandi,nbhatti@hotmail.com,B.Com,EEE,2023,Amazon,Software Engineer,1098167,Pune,2025-03-26
Misha Dani,edara@hotmail.com,B.Com,CSE,2022,Wipro,Data Analyst,977568,Chennai,2023-10-19
Lakshit Hora,nbhatti@gmail.com,B.Com,Mechanical,2023,IBM,System Engineer,998567,Pune,2023-02-23
Aayush Desai,aaina93@gmail.com,B.Sc,Civil,2021,IBM,Software Engineer,312765,Pune,2025-03-06
Yuvraj  Doctor,anikakhalsa@lad-baria.com,BBA,IT,2022,Infosys,Software Engineer,849829,Hyderabad,2023-02-27
Jayant Kota,jsami@kashyap.com,BCA,EEE,2020,Infosys,Data Analyst,497940,Pune,2023-04-09
Pihu Mahal,esibal@chaudhuri-kota.com,B.Tech,Mechanical,2020,Microsoft,Web Developer,745575,Pune,2022-10-14
Tushar Saini,suhanajohal@raja.com,B.Com,Mechanical,2021,Google,Web Developer,570037,Hyderabad,2023-02-01
Samar Kade,gulatianiruddh@brahmbhatt-cherian.biz,B.Tech,Civil,2022,IBM,Software Engineer,662875,Pune,2023-02-25
Aarush Tella,lchaudhuri@yahoo.com,B.Com,Mechanical,2024,Google,Web Developer,655529,Hyderabad,2025-02-26
Tara Madan,jayesh07@yahoo.com,B.Sc,IT,2020,IBM,Consultant,431821,Mumbai,2024-02-18
Baiju Jaggi,nitaravarughese@bera.info,BA,CSE,2021,Capgemini,System Engineer,517866,Pune,2022-06-15
Pranay Sehgal,tiyawalia@yahoo.com,BBA,Civil,2024,Deloitte,Web Developer,625477,Chennai,2023-12-25
Hansh Chaudhari,xboase@hotmail.com,BBA,CSE,2024,Amazon,Data Analyst,494966,Chennai,2024-12-12
Saanvi Sarma,bhardwajshray@hotmail.com,BCA,ECE,2020,Deloitte,Consultant,487916,Delhi,2023-01-30
Shray Sarkar,yakshitkrishna@yahoo.com,BBA,Civil,2022,IBM,Data Analyst,872496,Bangalore,2023-12-17
Elakshi Sha,gatik69@gmail.com,BBA,IT,2024,Infosys,Web Developer,879461,Delhi,2025-02-02
Uthkarsh Shere,rheaapte@bhatnagar-bath.com,B.Tech,ECE,2022,Wipro,Consultant,1109975,Bangalore,2023-05-21
Ehsaan Bumb,kiaradutt@hotmail.com,BCA,IT,2023,TCS,Support Engineer,626684,Mumbai,2023-12-31
Kismat Vala,vkhatri@yahoo.com,BA,Civil,2024,Deloitte,Support Engineer,422487,Pune,2023-04-28
Shray Varkey,gabamahika@ratti.com,B.Tech,IT,2024,Infosys,Consultant,717041,Delhi,2023-11-16
Heer Contractor,sanghasiya@yahoo.com,BA,ECE,2021,TCS,Support Engineer,913837,Bangalore,2023-08-19
Suhana Chandra,yakshitgoda@kaul.com,B.Com,EEE,2021,IBM,System Engineer,669701,Pune,2023-07-07
Ranbir Bumb,tiya28@balasubramanian-kapur.org,B.Com,EEE,2021,Amazon,Data Analyst,923681,Pune,2023-11-29
Rasha Mann,anaya75@hotmail.com,B.Com,EEE,2021,Microsoft,Software Engineer,1117587,Mumbai,2024-07-29
Kimaya Ratti,saniaradhya@yahoo.com,BA,ECE,2021,Infosys,System Engineer,1093266,Hyderabad,2024-05-28
Navya Balakrishnan,chackosamarth@gmail.com,B.Sc,EEE,2024,IBM,Web Developer,853159,Chennai,2023-11-20
Manikya Sandal,tara44@sharaf.com,BCA,CSE,2020,Capgemini,System Engineer,957989,Mumbai,2024-04-18
Yashvi Lalla,mannatbhagat@devan-ganesh.org,B.Com,Civil,2020,IBM,System Engineer,595630,Bangalore,2024-04-28
Aarush Contractor,dhanuk69@soman.com,B.Sc,ECE,2021,TCS,Consultant,753029,Chennai,2023-12-15
Devansh Bandi,mishti33@yahoo.com,BA,Mechanical,2020,Microsoft,Web Developer,746407,Pune,2023-05-14
Aarush Bajwa,voratejas@srinivas-garg.info,B.Tech,EEE,2021,Infosys,System Engineer,594581,Pune,2023-02-17
Rasha Borra,madhup38@gmail.com,BCA,IT,2022,TCS,System Engineer,1170824,Hyderabad,2023-06-05
Mishti Sundaram,ryansarraf@kumer-doshi.net,B.Tech,Mechanical,2024,Accenture,Software Engineer,968293,Bangalore,2024-03-29
Shamik Biswas,mannatroy@dugar.com,BA,IT,2022,Capgemini,Software Engineer,1006810,Mumbai,2023-07-18
Myra Johal,reddygatik@rao.com,BCA,Mechanical,2022,Amazon,Consultant,477040,Bangalore,2023-07-23
Suhana Dugar,wsangha@shetty-bava.info,BCA,IT,2024,Wipro,System Engineer,755412,Bangalore,2024-02-22
Samiha Sankaran,kaira70@yahoo.com,BCA,Civil,2023,Google,System Engineer,386741,Pune,2022-08-23
Rhea Verma,drishya19@majumdar.com,BCA,CSE,2020,Capgemini,Consultant,449342,Hyderabad,2023-07-11
Rati Tak,nayantara74@kannan.org,B.Sc,Civil,2021,Wipro,Web Developer,810187,Delhi,2024-08-01
Gatik Golla,echhabra@gmail.com,B.Com,EEE,2022,Amazon,Support Engineer,972529,Chennai,2022-06-24
Arnav Upadhyay,ojassaraf@gmail.com,B.Tech,ECE,2024,IBM,Data Analyst,570239,Bangalore,2022-09-16
Hunar Chaudhari,issaczain@raju.biz,BCA,EEE,2020,Infosys,Web Developer,579622,Hyderabad,2022-06-02
Nirvi Dey,anikahari@hotmail.com,B.Sc,IT,2020,Accenture,Software Engineer,1122888,Delhi,2025-04-02
Shayak Choudhary,wdey@bansal.org,BBA,ECE,2024,Deloitte,Consultant,1048035,Delhi,2022-07-05
Aarush Hegde,zain05@chaudhari.com,B.Tech,Civil,2023,Infosys,Data Analyst,622913,Delhi,2025-02-18
Samarth Loke,tejasraval@jayaraman.org,B.Sc,EEE,2021,Microsoft,Consultant,498522,Pune,2025-01-30
Jayan Wali,pchar@hotmail.com,BCA,ECE,2024,Wipro,System Engineer,951433,Chennai,2023-02-14
Ahana  Kale,aaina35@gmail.com,B.Com,Mechanical,2022,TCS,Support Engineer,1076174,Bangalore,2022-08-03
Onkar Thaman,chackolakshay@gmail.com,BCA,IT,2021,Accenture,Consultant,1120216,Pune,2024-05-05
Mahika Suri,mishasrivastava@yahoo.com,BA,Civil,2021,Amazon,Consultant,454424,Hyderabad,2023-10-30
Mehul Joshi,zsibal@gmail.com,BA,IT,2023,Infosys,Web Developer,415020,Delhi,2023-01-01
Saira Devi,goswamikartik@hotmail.com,BCA,IT,2021,Google,Software Engineer,543552,Chennai,2022-07-15
Pranay Sahota,hsampath@bava.com,BA,Civil,2024,Capgemini,Web Developer,564058,Mumbai,2023-03-29
Advika Sodhi,yohannanvivaan@hotmail.com,B.Com,IT,2023,Wipro,Software Engineer,676126,Chennai,2023-04-13
Parinaaz Buch,alisharout@thaker.com,BCA,ECE,2024,TCS,Web Developer,951834,Chennai,2022-07-15
Khushi Raj,shlok35@gmail.com,B.Tech,EEE,2023,Infosys,Data Analyst,377768,Bangalore,2024-06-23
Ishaan Chana,rajaprerak@kalla.info,BCA,CSE,2024,Deloitte,Data Analyst,997114,Pune,2022-12-20
Taimur Chaudhry,zeeshan50@yahoo.com,B.Sc,Mechanical,2023,Wipro,Software Engineer,727593,Delhi,2024-03-31
Kashvi Sethi,rsheth@gmail.com,BBA,IT,2024,IBM,Data Analyst,583046,Chennai,2024-12-31
Manikya Khurana,vbatta@hotmail.com,B.Tech,CSE,2024,Capgemini,Software Engineer,988096,Mumbai,2022-04-29
Nayantara Hayer,xtripathi@bora.biz,BA,CSE,2022,Infosys,System Engineer,756058,Delhi,2024-02-12
Faiyaz Vig,qsathe@yahoo.com,B.Com,IT,2022,Microsoft,Software Engineer,359328,Hyderabad,2025-02-08
Prerak Hari,omammen@raja.com,B.Com,Mechanical,2023,Capgemini,System Engineer,362456,Mumbai,2023-09-16
Chirag Date,balaryan@balan.com,BA,CSE,2023,Google,Consultant,501603,Delhi,2022-10-19
Siya Sandal,bbaral@yahoo.com,BCA,Civil,2020,Capgemini,Data Analyst,936280,Hyderabad,2024-06-27
Mishti Barad,tchada@gmail.com,BCA,IT,2021,Wipro,Support Engineer,533202,Bangalore,2023-08-27
Navya Barad,ivantiwari@hotmail.com,B.Com,Mechanical,2021,Capgemini,Data Analyst,639557,Chennai,2024-09-03
Myra Deshmukh,regepriyansh@gmail.com,BBA,Civil,2022,Amazon,Consultant,484849,Bangalore,2024-02-11
Drishya Bahri,seherdevi@gmail.com,B.Sc,IT,2022,Amazon,Support Engineer,1133080,Bangalore,2023-07-04
Divit Kar,bobalprerak@banerjee.com,BA,Civil,2020,Deloitte,Data Analyst,1103283,Pune,2024-03-25
Divit Saran,vaibhav72@hotmail.com,B.Com,Civil,2022,Deloitte,Data Analyst,867680,Pune,2024-09-07
Tara Krish,vbahl@bhasin.com,BBA,Mechanical,2020,Google,System Engineer,521973,Pune,2023-01-22
Siya Kunda,shamiksinghal@hotmail.com,BA,EEE,2024,Wipro,Data Analyst,802241,Hyderabad,2024-01-19
Pranay Kannan,lakshaydivan@dhillon.org,BA,EEE,2020,IBM,Web Developer,536594,Hyderabad,2024-12-02
Shaan Bajaj,fborah@shroff.com,BBA,CSE,2021,Accenture,Consultant,993278,Mumbai,2022-04-19
Nishith Dada,tandonaradhya@yahoo.com,B.Sc,IT,2023,Amazon,Software Engineer,751787,Delhi,2022-10-12
Yuvraj  Savant,zwason@gmail.com,B.Sc,IT,2024,Wipro,Data Analyst,983264,Bangalore,2024-08-28
Aradhya Lala,raunakchaudhari@srivastava.com,BCA,CSE,2024,Microsoft,Software Engineer,1181808,Mumbai,2022-04-30
Riaan Das,ryan68@gmail.com,BBA,EEE,2022,Accenture,Web Developer,666920,Mumbai,2022-05-10
Veer Kala,saranpranay@gmail.com,B.Com,IT,2020,Infosys,Web Developer,442942,Delhi,2022-08-10
Hunar Varma,tarinikeer@bhavsar-sant.com,BCA,Civil,2020,IBM,Consultant,879544,Bangalore,2024-01-23
Ivana Tak,ranaryan@contractor.info,B.Com,EEE,2023,Amazon,Support Engineer,1007042,Delhi,2022-10-21
Shray Sagar,xgour@gmail.com,BBA,Civil,2023,Microsoft,System Engineer,761460,Chennai,2024-04-19
Myra Kurian,taranreddy@suri.com,B.Sc,Civil,2020,TCS,Consultant,672592,Chennai,2023-10-01
Sahil Subramaniam,tgole@borra-wali.com,BCA,IT,2022,TCS,Web Developer,1047521,Bangalore,2023-12-27
Navya Maharaj,kyogi@yahoo.com,B.Com,EEE,2020,Accenture,Data Analyst,347742,Pune,2022-07-31
Tejas Chaudhari,vsharaf@grover-jayaraman.com,BBA,EEE,2024,Deloitte,Software Engineer,1018496,Chennai,2024-06-05
Riaan Yohannan,kanteshani@bir.com,B.Tech,CSE,2022,Infosys,System Engineer,1142851,Chennai,2023-03-09
Zoya Lata,gsathe@yahoo.com,BA,Mechanical,2020,Google,System Engineer,343231,Chennai,2023-01-16
Yakshit Mahajan,ratidate@gmail.com,BA,Civil,2020,Amazon,Web Developer,310408,Pune,2023-06-27
Divij Bhalla,inaaya-subramanian@yahoo.com,B.Tech,EEE,2024,Wipro,Software Engineer,1039228,Hyderabad,2023-01-25
Madhup Sankar,rastogizoya@walla.com,B.Com,Mechanical,2024,Infosys,Web Developer,459581,Pune,2022-06-03
Nishith Iyengar,heer42@yahoo.com,B.Com,Mechanical,2020,Infosys,System Engineer,502247,Pune,2023-08-08
Riya Kar,sseshadri@gmail.com,B.Sc,CSE,2023,Deloitte,System Engineer,857384,Pune,2022-04-17
Anika Bedi,mtoor@gmail.com,B.Com,IT,2022,Wipro,Support Engineer,624046,Hyderabad,2024-06-01
Seher Ranganathan,mkannan@sama.biz,B.Tech,EEE,2023,Google,Software Engineer,945927,Bangalore,2023-09-17
Lavanya Ramaswamy,shaantiwari@hotmail.com,BBA,EEE,2020,Infosys,Web Developer,713939,Hyderabad,2024-08-26
Mehul Randhawa,tarandeshpande@deep-kumer.com,BA,IT,2020,IBM,System Engineer,758979,Mumbai,2024-07-07
Charvi Atwal,loyalparinaaz@srinivas.com,B.Sc,IT,2023,IBM,Web Developer,775019,Hyderabad,2022-07-11
Neelofar Dhawan,onkarkale@khosla.net,BCA,EEE,2024,Microsoft,Data Analyst,870210,Chennai,2024-07-30
Mahika Anne,jkuruvilla@hotmail.com,BA,EEE,2024,TCS,Support Engineer,314891,Chennai,2023-12-08
Raghav Sangha,anyakunda@doctor.info,B.Tech,IT,2021,TCS,Consultant,1137591,Bangalore,2023-03-13
Inaaya  Majumdar,anika53@yahoo.com,B.Sc,CSE,2021,TCS,Consultant,1086753,Delhi,2023-06-16
Kartik Behl,dwalla@bava.com,BBA,CSE,2022,Accenture,Software Engineer,835956,Chennai,2024-05-02
Kismat Chandran,gbava@deep-sethi.net,BCA,Mechanical,2020,TCS,System Engineer,395797,Mumbai,2023-03-05
Vritika Chauhan,anahibhatti@biswas.com,BBA,Mechanical,2023,Capgemini,Data Analyst,781592,Pune,2022-09-01
Tanya Seth,isahota@yahoo.com,BA,IT,2020,Deloitte,Consultant,772134,Bangalore,2023-12-22
Sahil Chawla,indrajit36@kunda-kamdar.com,B.Sc,IT,2021,Infosys,Data Analyst,1175805,Delhi,2024-07-24
Rhea Ganesh,ddutt@sathe.net,BA,IT,2021,Capgemini,Software Engineer,547674,Mumbai,2023-03-08
Tushar Bose,yuvaan50@hotmail.com,B.Sc,Civil,2021,Deloitte,Consultant,760126,Delhi,2023-09-03
Ranbir Lanka,khalsamanikya@tank-loyal.com,B.Com,Mechanical,2024,TCS,Web Developer,438605,Bangalore,2025-01-29
Shamik Agarwal,fkota@yahoo.com,BBA,EEE,2023,Infosys,System Engineer,841358,Hyderabad,2024-06-27
Tejas Chokshi,damini46@korpal.com,BA,IT,2023,IBM,Web Developer,1023463,Bangalore,2022-05-23
Yashvi Chandra,ivanbora@yahoo.com,BA,Mechanical,2022,Capgemini,Software Engineer,464762,Bangalore,2024-10-05
Shaan Gopal,croy@bhatia.com,BBA,CSE,2024,Deloitte,Web Developer,456803,Bangalore,2025-01-26
Nitya Barad,darshitsastry@gmail.com,B.Com,Mechanical,2024,Microsoft,Software Engineer,515037,Bangalore,2022-07-11
Miraya Bajaj,pihudevan@yahoo.com,BA,Mechanical,2023,Wipro,Software Engineer,335844,Delhi,2023-08-03
Manikya Cheema,tiyagaba@dash.com,BBA,CSE,2024,TCS,Support Engineer,840681,Pune,2023-11-25
Raghav Choudhury,kartikyohannan@yahoo.com,B.Com,Civil,2024,Accenture,Support Engineer,303574,Chennai,2025-01-21
Anaya Thaker,ckrishna@hotmail.com,BBA,CSE,2021,Accenture,Software Engineer,802922,Pune,2023-12-25
Kaira Sridhar,kashvibrahmbhatt@hotmail.com,B.Tech,Mechanical,2022,Wipro,Data Analyst,949811,Hyderabad,2024-07-04
Baiju Sidhu,jayant89@mammen-som.net,B.Tech,IT,2020,Infosys,Data Analyst,781385,Pune,2024-06-10
Prisha Singh,purab84@kumer.com,B.Tech,ECE,2023,Deloitte,Data Analyst,414751,Mumbai,2024-11-13
Manikya Doctor,dishanibandi@yahoo.com,BBA,ECE,2020,IBM,System Engineer,745283,Pune,2024-06-08
Mamooty Comar,dayalgatik@gmail.com,B.Sc,Civil,2023,Infosys,Data Analyst,532464,Hyderabad,2023-02-25
Tarini Hayer,adoshi@yahoo.com,B.Com,CSE,2022,TCS,Web Developer,301301,Hyderabad,2023-09-30
Vardaniya Chokshi,jivika62@sharma.com,BBA,Mechanical,2020,Accenture,Software Engineer,462565,Delhi,2024-12-24
Divij Anand,nityadas@kapur.com,B.Sc,CSE,2023,Deloitte,Consultant,1150242,Mumbai,2024-02-15
Purab Bandi,heerdeo@randhawa-bawa.biz,BA,ECE,2023,Capgemini,System Engineer,301025,Delhi,2022-04-27
Adira Chaudry,adirachaudhuri@gmail.com,B.Com,IT,2022,Infosys,Software Engineer,1031843,Mumbai,2024-06-08
Ehsaan Bhattacharyya,zdave@hotmail.com,B.Sc,IT,2021,Capgemini,Consultant,649510,Delhi,2023-10-28
Rasha Singh,gsunder@maharaj.org,BCA,IT,2024,Wipro,Support Engineer,847619,Bangalore,2023-09-10
Arhaan Wadhwa,desaielakshi@bhatia.com,BA,ECE,2023,TCS,System Engineer,663847,Mumbai,2023-06-17
Mehul Bera,shanayagera@gmail.com,BCA,ECE,2021,Deloitte,Software Engineer,431852,Delhi,2023-02-06
Lagan Kunda,qchar@randhawa.com,BBA,IT,2023,Microsoft,System Engineer,306541,Mumbai,2024-02-03
Gatik Saraf,indransmandal@yahoo.com,BCA,Mechanical,2023,Deloitte,Software Engineer,656657,Mumbai,2024-06-09
Samaira Swaminathan,kohliamira@dhawan-atwal.net,BCA,ECE,2020,TCS,Consultant,1085394,Delhi,2024-03-08
Kismat Guha,gokhalekashvi@hotmail.com,BA,EEE,2022,Deloitte,Web Developer,371421,Delhi,2023-01-30
Adah Mander,issacranbir@vohra-sen.net,B.Tech,Mechanical,2023,Capgemini,Software Engineer,798834,Bangalore,2024-12-11
Rohan Thakur,jiya04@yahoo.com,BBA,Civil,2024,Accenture,Consultant,839713,Hyderabad,2023-12-09
Alisha Mander,qchhabra@gmail.com,B.Sc,Civil,2020,Accenture,Web Developer,905712,Chennai,2023-12-12
Samaira Rajan,wthakkar@gmail.com,BA,Civil,2020,Infosys,Web Developer,946270,Hyderabad,2023-02-15
Zoya Golla,zachariabhamini@hotmail.com,BCA,Civil,2022,Infosys,Consultant,873590,Pune,2024-07-22
Shaan Subramaniam,kondaishaan@kale.com,B.Sc,CSE,2024,Infosys,Web Developer,669982,Mumbai,2025-02-13
Charvi Srivastava,mamootyanne@hotmail.com,B.Sc,CSE,2022,Infosys,Software Engineer,478543,Hyderabad,2023-10-17
Samarth Kade,nbala@hotmail.com,B.Com,IT,2020,Google,Consultant,1093761,Bangalore,2024-07-05
Faiyaz Gade,aaryahibala@yahoo.com,B.Sc,CSE,2023,Capgemini,System Engineer,1119983,Chennai,2022-08-21
Samiha Som,raniachhabra@gmail.com,BCA,Mechanical,2020,Capgemini,Data Analyst,636763,Mumbai,2023-11-04
Azad Tella,kiaanrama@yahoo.com,BCA,Mechanical,2021,Wipro,System Engineer,1002482,Bangalore,2022-08-05
Rania Shenoy,darshitkeer@sandhu.com,BA,EEE,2023,Capgemini,Support Engineer,1159591,Delhi,2023-10-28
Manikya Rana,nmanne@handa.com,BA,ECE,2024,Google,Software Engineer,367579,Chennai,2023-10-19
Rohan Gola,mehulghosh@banik.com,BBA,Mechanical,2023,Infosys,Software Engineer,1010463,Pune,2023-02-13
Ojas Jain,karananvi@hotmail.com,BA,EEE,2022,Wipro,Support Engineer,750552,Delhi,2025-02-08
Indrajit Varty,aaina79@dalia.com,B.Tech,ECE,2022,Deloitte,Data Analyst,1096824,Bangalore,2024-04-10
Tara Bumb,shenoygokul@sarna.info,BA,IT,2022,Wipro,Support Engineer,801627,Bangalore,2022-05-03
Lagan Sura,farhan01@yahoo.com,BBA,EEE,2021,Accenture,System Engineer,726670,Mumbai,2022-12-13
Stuvan Thakur,ahana-16@hotmail.com,B.Com,Civil,2024,Deloitte,Web Developer,1074835,Chennai,2024-08-25
Saksham Batra,badaldada@gmail.com,BA,ECE,2024,TCS,Support Engineer,829943,Bangalore,2023-07-17
Ryan Raman,ryan14@gmail.com,BBA,CSE,2023,Capgemini,Software Engineer,864182,Chennai,2025-02-08
Lavanya Sachar,jbedi@trivedi.org,B.Tech,Mechanical,2020,Amazon,Support Engineer,335003,Mumbai,2024-06-01
Anahi Hegde,kadeindranil@yahoo.com,BBA,IT,2020,Microsoft,Support Engineer,349298,Hyderabad,2024-09-08
Eshani Ranganathan,gangulyela@gmail.com,B.Com,Civil,2023,TCS,Consultant,301920,Bangalore,2023-03-29
Ishaan Lad,ayesha87@khosla-singh.com,B.Com,ECE,2022,Google,Software Engineer,799133,Pune,2023-11-12
Samar Issac,yasmin30@gmail.com,B.Tech,Civil,2021,Amazon,System Engineer,1003954,Delhi,2025-03-15
Rhea Banerjee,mdate@choudhury.com,B.Sc,ECE,2024,IBM,Consultant,1134179,Delhi,2022-06-30
Saksham Gopal,qshroff@rege-manda.com,B.Sc,ECE,2024,Deloitte,Support Engineer,543371,Hyderabad,2024-03-16
Ayesha Golla,pihu17@gmail.com,BCA,IT,2022,Microsoft,Consultant,867384,Mumbai,2024-10-14
Yuvraj  Desai,osane@kohli.net,B.Tech,CSE,2023,Wipro,System Engineer,304244,Chennai,2023-02-26
Divyansh Sami,vihaansoni@soman-bala.net,B.Com,ECE,2022,IBM,Software Engineer,583567,Chennai,2023-01-03
Urvi Chaudhry,nbadami@hotmail.com,BCA,EEE,2024,Deloitte,Consultant,599541,Delhi,2023-01-21
Jayan Kibe,gardeonkar@gmail.com,B.Tech,Mechanical,2022,Microsoft,System Engineer,830864,Delhi,2024-04-02
Vritika Atwal,dsarin@gmail.com,BCA,IT,2020,Microsoft,Software Engineer,845026,Hyderabad,2025-01-08
Aarav Sahota,lratta@hotmail.com,BBA,Mechanical,2021,Wipro,Consultant,445493,Chennai,2024-11-24
Advik Badami,damini19@gmail.com,BBA,IT,2022,TCS,Web Developer,1134727,Chennai,2024-08-14
Nitara Sampath,jayant02@loke.biz,B.Com,IT,2024,Amazon,Web Developer,568248,Bangalore,2023-11-12
Anaya Sridhar,thakurchirag@wable.net,BA,IT,2022,Wipro,Software Engineer,804031,Delhi,2024-08-29
Saira Majumdar,trisha32@yahoo.com,BCA,ECE,2022,IBM,System Engineer,1137734,Delhi,2022-11-01
Ivan Contractor,takdiya@yahoo.com,B.Tech,CSE,2024,TCS,Data Analyst,342869,Chennai,2024-01-30
Fateh Srinivasan,anahita47@gmail.com,BA,EEE,2024,Infosys,Consultant,457149,Bangalore,2023-02-28
Sana Shah,asubramaniam@gmail.com,BBA,Mechanical,2024,TCS,Support Engineer,388716,Hyderabad,2024-12-02
Urvi Keer,shankerriaan@hotmail.com,B.Tech,ECE,2022,IBM,Software Engineer,1005976,Pune,2023-02-02
Jivin Vasa,solankianaya@sandal.com,B.Com,CSE,2023,Infosys,Software Engineer,1147425,Pune,2022-04-09
Trisha Gole,divyansh01@yahoo.com,B.Tech,ECE,2020,Microsoft,Web Developer,1142396,Delhi,2023-06-17
Vihaan Lall,mdalal@bhavsar.com,B.Sc,EEE,2020,IBM,Data Analyst,891103,Mumbai,2023-07-16
Veer Devi,wbera@gmail.com,B.Tech,EEE,2021,Infosys,Data Analyst,800486,Pune,2023-03-10
Tara Shan,ebaria@mallick-thakkar.info,BA,IT,2020,Infosys,Data Analyst,334143,Bangalore,2023-06-15
Vivaan Bath,venkateshyuvaan@babu-tailor.com,BA,Civil,2021,IBM,Web Developer,562021,Hyderabad,2025-01-19
Ranbir Seshadri,chhabrahansh@mand.com,B.Sc,CSE,2024,Amazon,Consultant,874860,Mumbai,2024-08-14
Hansh Dara,siyaiyengar@yahoo.com,BA,Mechanical,2022,Wipro,System Engineer,1048264,Chennai,2024-01-22
Heer Viswanathan,samaira49@gmail.com,BA,Civil,2021,TCS,Data Analyst,607368,Mumbai,2024-06-05
Sara Dani,cgokhale@gmail.com,BA,EEE,2023,Infosys,Software Engineer,841760,Mumbai,2024-08-25
Mehul Soman,pihuwadhwa@sengupta.org,B.Tech,CSE,2021,Capgemini,Consultant,490699,Delhi,2023-12-29
Lagan Rana,gatik90@hotmail.com,B.Com,Mechanical,2023,Google,Consultant,858311,Chennai,2024-01-29
Khushi Subramanian,tushar16@sachar-bawa.com,BA,Mechanical,2020,Wipro,Web Developer,1192057,Chennai,2023-12-31
Mohanlal Rege,deepsana@rajan.com,BBA,Mechanical,2024,Microsoft,System Engineer,1030571,Chennai,2023-10-01
Tiya Ram,datezara@gmail.com,B.Sc,CSE,2020,IBM,Web Developer,1106455,Chennai,2024-09-21
Ela Chatterjee,trisha52@hotmail.com,B.Sc,IT,2022,Microsoft,System Engineer,444020,Hyderabad,2024-10-04
Lakshay Gulati,ethaker@yahoo.com,B.Tech,IT,2021,Amazon,Data Analyst,670221,Mumbai,2023-06-25
Nakul Bansal,divyanshwagle@gmail.com,BBA,Civil,2021,Wipro,Support Engineer,964626,Delhi,2022-12-17
Mohanlal Sehgal,vanya91@bhalla.info,BA,EEE,2020,Google,Consultant,1104077,Chennai,2023-02-16
Tanya Shanker,eva91@sen-chaudhari.com,BCA,EEE,2024,Deloitte,Data Analyst,843346,Bangalore,2022-11-18
Saanvi Sarna,oravel@seth-brar.info,BBA,CSE,2021,IBM,System Engineer,674350,Chennai,2023-06-14
Indranil Batra,rania52@dasgupta-wali.com,BA,Civil,2020,Deloitte,Consultant,528655,Delhi,2024-10-04
Onkar Ratti,dkadakia@lata.biz,B.Com,EEE,2021,Amazon,Consultant,893321,Bangalore,2023-07-17
Ryan Korpal,andrakartik@yahoo.com,BCA,ECE,2021,Infosys,Support Engineer,416542,Bangalore,2024-06-27
Lakshit Dhillon,hgarde@rastogi-seshadri.com,B.Sc,CSE,2020,TCS,System Engineer,1055690,Delhi,2023-07-15
Kashvi Bhasin,battazeeshan@rana-deol.org,BBA,Civil,2021,Amazon,Support Engineer,659936,Hyderabad,2024-12-04
Shaan Singhal,pihudua@yahoo.com,BA,Mechanical,2023,Microsoft,System Engineer,598422,Bangalore,2022-09-01
Advik Banik,qverma@gmail.com,B.Com,Civil,2024,Accenture,Software Engineer,1158184,Delhi,2023-07-01
Aradhya Tak,taimurbobal@chawla.com,BA,CSE,2022,Google,Software Engineer,709960,Mumbai,2022-09-06
Tejas Choudhary,yloke@soni.com,B.Sc,Civil,2021,Accenture,System Engineer,840881,Hyderabad,2022-08-18
Anahi Srinivas,devansh22@yahoo.com,B.Sc,ECE,2023,Wipro,Consultant,662449,Delhi,2023-04-12
Keya Dube,kiarachaudry@yadav.biz,B.Com,IT,2023,Accenture,Support Engineer,831299,Bangalore,2022-10-31
Elakshi Sethi,rajaoorja@varma.com,B.Sc,IT,2023,Accenture,Data Analyst,1115066,Mumbai,2022-10-17
Vaibhav Kurian,chirag67@hotmail.com,B.Com,CSE,2023,TCS,Data Analyst,452235,Mumbai,2023-06-11
Biju Salvi,miraanmadan@borde-bawa.info,BBA,CSE,2021,Amazon,System Engineer,437288,Mumbai,2023-07-21
Tejas Din,sdewan@hotmail.com,BA,ECE,2024,Wipro,Web Developer,992170,Bangalore,2023-05-15
Vivaan Lad,keeruthkarsh@gmail.com,B.Tech,Civil,2022,Wipro,Software Engineer,1104126,Bangalore,2023-06-28
Kartik Sen,seshadrianahi@hotmail.com,B.Sc,Mechanical,2021,Microsoft,System Engineer,704253,Chennai,2024-07-24
Saanvi Devi,xsekhon@mani.org,BCA,EEE,2024,IBM,Data Analyst,636384,Chennai,2022-12-16
Misha Gokhale,umangkonda@sodhi.com,BBA,Mechanical,2024,Amazon,Web Developer,667938,Mumbai,2022-05-21
Anay Tailor,daminivig@boase.com,BBA,CSE,2022,Capgemini,System Engineer,1026404,Bangalore,2023-10-23
Kiara Manda,fsankaran@dash.biz,BCA,EEE,2022,Accenture,Consultant,608107,Delhi,2024-01-12
Gatik Sheth,somanhansh@khare.biz,B.Com,EEE,2021,Deloitte,Support Engineer,714932,Delhi,2023-02-01
Aaina Yadav,khushidugar@hotmail.com,B.Sc,CSE,2020,Capgemini,Consultant,823823,Chennai,2024-09-10
Kanav Issac,mcontractor@yahoo.com,BCA,ECE,2021,Google,Consultant,414627,Hyderabad,2024-09-23
Anaya Jhaveri,parinaaz71@viswanathan.com,BCA,Mechanical,2020,IBM,Consultant,736824,Chennai,2023-02-03
Jayant Bhatti,harya@varkey-mangat.biz,BBA,EEE,2020,TCS,Data Analyst,344730,Bangalore,2023-08-11
Navya Tandon,shlok42@yahoo.com,B.Sc,EEE,2023,Capgemini,Support Engineer,798980,Mumbai,2025-03-25
Tushar Dubey,himmat72@bala.com,BCA,EEE,2020,IBM,Data Analyst,1077189,Mumbai,2025-02-10
Faiyaz Sarraf,singhdhruv@bora.net,B.Com,IT,2020,IBM,Support Engineer,964979,Chennai,2023-02-20
Anay Dugar,ibhardwaj@bhasin.info,BBA,IT,2024,Accenture,Consultant,924667,Hyderabad,2024-04-29
Shlok Sur,dhanuk46@manda.com,B.Com,Civil,2020,Amazon,Consultant,673578,Delhi,2024-02-03
Parinaaz Bava,thakurzara@yahoo.com,B.Tech,EEE,2024,Infosys,Data Analyst,386150,Chennai,2025-01-28
Aradhya Dhar,lakshay66@borah.com,B.Sc,Mechanical,2021,Infosys,Web Developer,541863,Delhi,2023-05-19
Lakshay Basak,somneysa@deshpande.com,BCA,Mechanical,2022,Google,Data Analyst,680361,Chennai,2023-02-27
Dishani Dani,myramaharaj@kumar.com,B.Tech,Mechanical,2022,IBM,Data Analyst,1040332,Chennai,2024-02-08
Aayush Sem,dhruvsaraf@gmail.com,B.Tech,IT,2020,Amazon,System Engineer,353015,Bangalore,2025-03-15
Anahita Loke,samaira38@kumar-walia.com,BA,IT,2022,Wipro,System Engineer,747365,Chennai,2022-06-23
Samiha Mammen,khushi46@hotmail.com,BBA,Civil,2021,Capgemini,Consultant,687224,Chennai,2023-08-16
Suhana Iyengar,sbhattacharyya@chaudry-iyer.com,BA,CSE,2024,Microsoft,Software Engineer,748323,Mumbai,2023-11-29
Pranay Vohra,shayak77@mahal.com,BA,CSE,2020,Amazon,Data Analyst,1129267,Chennai,2022-08-02
Miraya Bala,ishaan44@yahoo.com,BCA,CSE,2024,Amazon,Support Engineer,463283,Hyderabad,2025-01-18
Charvi Ganesh,zacharialakshay@sridhar-sarkar.com,B.Tech,CSE,2020,Capgemini,Web Developer,373886,Bangalore,2022-11-11
Anika Walla,xdara@randhawa.com,BBA,ECE,2024,IBM,Support Engineer,330203,Mumbai,2025-01-09
Ela Taneja,vivaankapur@yahoo.com,BA,IT,2023,Microsoft,System Engineer,612881,Delhi,2022-08-16
Lavanya Ben,purab45@mahal.com,BBA,Mechanical,2020,Accenture,System Engineer,938239,Delhi,2024-05-22
Badal Bhalla,samarth53@hotmail.com,B.Com,EEE,2021,TCS,Data Analyst,374646,Bangalore,2023-02-24
Taimur Ghosh,hayercharvi@desai-bhagat.com,BA,Mechanical,2020,Accenture,Software Engineer,378012,Hyderabad,2023-05-14
Kanav Balan,jsetty@hotmail.com,BBA,Civil,2020,Infosys,Support Engineer,1029698,Mumbai,2025-01-08
Piya Bava,rattichirag@sandhu.com,BA,EEE,2024,Capgemini,System Engineer,947607,Bangalore,2022-12-13
Kartik Madan,khuranavedika@ganesan-bains.info,BCA,IT,2022,IBM,System Engineer,782668,Bangalore,2022-09-08
Ahana  Basu,warriorshayak@hotmail.com,B.Tech,IT,2021,Deloitte,Software Engineer,785238,Delhi,2023-10-09
Azad Shukla,choudhryabram@gmail.com,B.Sc,EEE,2020,Amazon,Support Engineer,918778,Bangalore,2022-11-18
Sumer Kaul,ushenoy@arya-loyal.com,BCA,Civil,2024,Amazon,Support Engineer,902256,Mumbai,2023-07-20
Divij Kapur,lakshayraj@sachdeva.com,B.Com,CSE,2020,Wipro,System Engineer,959509,Pune,2024-01-04
Bhavin Dubey,umangal@chand.net,B.Com,EEE,2021,Deloitte,Web Developer,1173329,Hyderabad,2023-07-24
Armaan Bir,bissac@devi-srinivasan.com,BCA,CSE,2022,Amazon,Data Analyst,742466,Delhi,2023-06-16
Yuvaan Chauhan,nanne@lala-mani.info,B.Tech,Civil,2021,Deloitte,Web Developer,819035,Delhi,2024-02-21
Mannat Ghosh,xgour@yahoo.com,B.Com,Mechanical,2022,Deloitte,Consultant,819017,Pune,2023-05-16
Mamooty Mallick,sarkarira@chowdhury.com,B.Sc,ECE,2023,Amazon,Consultant,643700,Delhi,2022-08-12
Ela Chandra,anvi35@yahoo.com,BCA,EEE,2020,Infosys,Data Analyst,805798,Pune,2023-10-27
Parinaaz Chanda,samarthwali@yahoo.com,BBA,Civil,2024,Microsoft,Support Engineer,430111,Delhi,2023-08-27
Suhana Mann,priyansh95@yahoo.com,BCA,Civil,2021,Capgemini,System Engineer,537434,Hyderabad,2023-01-08
Ishaan Chandran,ehsaanbaria@gmail.com,B.Sc,Civil,2020,IBM,Support Engineer,1125825,Bangalore,2024-07-11
Rati Sant,mbhatnagar@gmail.com,BBA,EEE,2023,Amazon,Software Engineer,381073,Delhi,2024-02-03
Ivan Bhargava,kiara22@bhatt.com,B.Sc,Civil,2022,IBM,Support Engineer,819738,Hyderabad,2025-02-19
Inaaya  Choudhry,shray13@yahoo.com,B.Com,EEE,2023,IBM,Data Analyst,771617,Hyderabad,2023-02-16
Siya Anne,cdayal@hotmail.com,B.Com,ECE,2020,IBM,Support Engineer,388290,Pune,2025-02-09
Advika Kurian,aarush32@iyer.com,BBA,Mechanical,2023,Accenture,System Engineer,1057055,Chennai,2022-06-04
Hridaan Choudhury,adahboase@bhattacharyya-lanka.com,BA,ECE,2023,IBM,Software Engineer,951884,Delhi,2023-04-13
Prerak Lad,urvidewan@badami.com,BCA,Mechanical,2024,Capgemini,Web Developer,517685,Mumbai,2022-09-09
Advika Raval,sundaramadira@srinivasan-bhatia.com,B.Sc,IT,2022,Capgemini,System Engineer,1056138,Chennai,2023-11-21
Diya Chacko,kiaanlala@kara.org,BCA,CSE,2024,Accenture,Software Engineer,584522,Chennai,2023-07-01
Adah Bakshi,shachirag@yahoo.com,B.Sc,EEE,2022,IBM,Software Engineer,868426,Delhi,2022-10-10
Nishith Butala,divyanshvarty@hans.com,BA,Civil,2022,Amazon,Web Developer,1095614,Hyderabad,2022-12-09
Kashvi Chaudhari,prishabasak@sani.com,B.Tech,CSE,2023,Deloitte,Software Engineer,607426,Mumbai,2025-01-03
Yashvi Bal,taraayesha@mander.com,BA,ECE,2020,Amazon,System Engineer,801850,Hyderabad,2024-06-13
Ayesha Karpe,ryan02@bhardwaj.com,BA,Mechanical,2023,Capgemini,System Engineer,806632,Chennai,2024-05-01
Ela Buch,zrajagopalan@kakar.org,BBA,CSE,2020,IBM,Software Engineer,327329,Chennai,2023-05-11
Vanya Dass,dishani70@gmail.com,B.Tech,CSE,2021,Wipro,Data Analyst,1176709,Delhi,2023-11-20
Gokul Ganesh,contractoreva@hotmail.com,BA,IT,2023,TCS,Web Developer,464743,Bangalore,2024-04-05
Indrans Barad,dhanukbajaj@balasubramanian.com,B.Tech,ECE,2021,Accenture,Web Developer,1035573,Bangalore,2022-08-03
Oorja Kota,kaira65@yahoo.com,BBA,EEE,2024,IBM,Software Engineer,327182,Mumbai,2023-01-06
Alia Bajwa,vram@hotmail.com,B.Com,EEE,2023,Deloitte,Support Engineer,940641,Delhi,2023-11-27
Pranay Agrawal,kiberhea@yahoo.com,BA,CSE,2022,Microsoft,Support Engineer,689654,Bangalore,2024-11-16
Raunak Bakshi,osoman@gmail.com,B.Tech,IT,2021,Amazon,Software Engineer,727259,Mumbai,2025-02-19
Kismat Dasgupta,indranilanne@suresh.com,BA,Civil,2020,TCS,Consultant,686405,Delhi,2022-10-26
Nitya Magar,riyengar@yahoo.com,B.Sc,Civil,2020,Google,Support Engineer,481394,Delhi,2024-09-10
Yakshit Warrior,adira32@taneja.biz,B.Com,ECE,2024,Infosys,Consultant,1043584,Bangalore,2023-09-03
Neysa Aurora,sbarad@hotmail.com,BA,CSE,2020,TCS,Web Developer,426017,Chennai,2022-11-27
Riaan Sarma,abramcomar@gmail.com,B.Tech,CSE,2022,Amazon,System Engineer,352053,Delhi,2024-02-20
Dhanuk Mahal,kartik13@kapadia-seshadri.com,BCA,CSE,2023,Google,Web Developer,578630,Hyderabad,2022-07-31
Parinaaz Jhaveri,fkadakia@hotmail.com,B.Com,Civil,2022,IBM,Consultant,942521,Pune,2023-04-03
Advik Bawa,masterheer@hayer.com,BBA,EEE,2023,Microsoft,Data Analyst,903523,Pune,2023-09-21
Hiran Tak,anvisheth@hotmail.com,B.Com,Civil,2024,Deloitte,Software Engineer,670887,Bangalore,2023-05-31
Zoya Chad,bijuraj@lata-seshadri.com,BCA,ECE,2022,Wipro,Support Engineer,382185,Mumbai,2022-05-05
Ira Magar,jhaveriadah@srinivas.biz,BA,ECE,2024,Wipro,Software Engineer,1002412,Hyderabad,2022-06-29
Renee Walia,smaharaj@hotmail.com,B.Sc,ECE,2020,Microsoft,Web Developer,675650,Pune,2025-04-01
Oorja Gola,xmammen@mahal.com,BA,EEE,2022,Capgemini,Consultant,855940,Pune,2024-06-26
Pihu Rout,sekhonsamarth@comar-taneja.biz,BBA,Mechanical,2021,Deloitte,Web Developer,943950,Bangalore,2023-12-31
Sahil Sandhu,xbiswas@chaudhry.com,B.Sc,EEE,2021,Amazon,System Engineer,396907,Delhi,2024-04-27
Prerak Char,rbora@gmail.com,B.Com,Civil,2021,Microsoft,Consultant,1191673,Bangalore,2024-09-06
Sana Bora,nsen@hotmail.com,B.Tech,EEE,2023,Infosys,Support Engineer,945081,Bangalore,2022-04-28
Arnav Ranganathan,kbrar@vora-kurian.com,BBA,EEE,2022,Capgemini,System Engineer,570248,Hyderabad,2024-07-06
Biju Bakshi,grewaltiya@hotmail.com,BCA,EEE,2022,Microsoft,System Engineer,509239,Pune,2022-06-25
Seher Chakrabarti,khareadah@gmail.com,B.Tech,IT,2020,Capgemini,Consultant,1031849,Mumbai,2023-05-10
Hunar Shroff,iamble@gole.info,B.Tech,Civil,2021,Wipro,Data Analyst,1160907,Chennai,2025-03-06
Reyansh Dugar,aarushdhawan@savant-bir.com,BCA,Mechanical,2024,Infosys,System Engineer,330500,Hyderabad,2022-12-06
Nayantara Kapur,ramanlakshit@chaudhuri-handa.com,B.Tech,EEE,2020,Deloitte,Data Analyst,656432,Bangalore,2023-02-08
Prerak Rama,ganesannavya@samra.com,BBA,CSE,2020,Microsoft,Web Developer,893964,Chennai,2024-02-19
Alisha Guha,purab93@dua-bora.com,B.Com,Civil,2023,Capgemini,Data Analyst,852630,Bangalore,2022-06-12
Ishaan Deo,miraan85@gmail.com,B.Sc,ECE,2022,Amazon,System Engineer,919318,Chennai,2024-06-13
Jivika Sankar,boasepriyansh@basak.com,B.Tech,EEE,2023,Wipro,Support Engineer,641688,Delhi,2025-01-21
Siya Master,nirvi33@gmail.com,BCA,Mechanical,2021,IBM,System Engineer,315999,Chennai,2023-03-30
Jiya Hayre,dhanukvenkatesh@hotmail.com,BCA,IT,2021,Capgemini,Support Engineer,607975,Chennai,2022-11-04
Navya Chaudhary,ssem@hotmail.com,B.Tech,Civil,2020,Microsoft,Support Engineer,834503,Pune,2024-10-22
Ela Dugar,hansh35@gmail.com,BCA,EEE,2021,Accenture,Data Analyst,597573,Bangalore,2022-05-02
Prerak Gade,ramanathannavya@yahoo.com,BA,CSE,2024,Google,Consultant,1187104,Chennai,2024-04-22
Himmat Bail,faiyaz03@raj-srinivas.com,B.Sc,Civil,2024,TCS,Web Developer,536560,Bangalore,2022-12-31
Alisha Vig,trishalala@yahoo.com,B.Com,ECE,2023,Microsoft,Support Engineer,619167,Hyderabad,2022-12-26
Indranil Bhasin,sseth@gmail.com,B.Tech,Civil,2024,Google,Software Engineer,892127,Hyderabad,2023-06-14
Vidur Dhillon,virkhunar@gmail.com,BA,Mechanical,2021,TCS,Software Engineer,1052157,Pune,2022-04-13
Yashvi Warrior,buchadira@gmail.com,BBA,Civil,2021,Microsoft,Support Engineer,781413,Pune,2023-10-23
Zaina Dave,psama@toor.com,B.Tech,IT,2022,Google,Consultant,459573,Delhi,2023-02-25
Aarna Tara,anvi03@ganesh.net,BA,EEE,2023,Google,Support Engineer,608001,Bangalore,2024-02-05
Arnav Sankar,kismat36@kothari.com,B.Sc,Mechanical,2020,Microsoft,System Engineer,1145193,Bangalore,2022-05-03
Arnav Divan,ybhalla@ratta.net,B.Tech,EEE,2024,Capgemini,Web Developer,749568,Hyderabad,2024-04-21
Aarav Chacko,gatik02@bera-dugar.com,B.Tech,Civil,2021,Microsoft,Data Analyst,918853,Chennai,2024-05-18
Diya Kamdar,nsawhney@gmail.com,BA,ECE,2020,Microsoft,System Engineer,453177,Bangalore,2024-12-31
Indrans Thaker,nakuldass@hotmail.com,BCA,IT,2022,Accenture,Web Developer,986776,Bangalore,2022-10-22
Darshit Raja,yakshit15@dalal.net,BA,Mechanical,2023,Deloitte,Data Analyst,422353,Chennai,2023-09-08
Madhup Bhasin,duttashray@bail.biz,B.Com,IT,2020,Wipro,System Engineer,494459,Pune,2025-03-27
Rohan Dua,bhari@yahoo.com,BBA,EEE,2023,Accenture,Software Engineer,757917,Mumbai,2024-03-22
Tanya Vora,osridhar@yahoo.com,BBA,CSE,2024,Accenture,Web Developer,729004,Hyderabad,2022-05-01
Amira Banerjee,keerlavanya@yahoo.com,BA,CSE,2022,Microsoft,Data Analyst,760478,Chennai,2024-06-04
Baiju Wadhwa,siya68@gmail.com,BCA,EEE,2021,Deloitte,Support Engineer,487297,Delhi,2022-11-20
Charvi Vaidya,bavafaiyaz@brahmbhatt-wali.com,BCA,Civil,2023,Infosys,Support Engineer,660039,Hyderabad,2023-01-05
Shray Rattan,arhaansathe@vyas.com,B.Sc,IT,2024,Microsoft,Support Engineer,490689,Chennai,2025-03-04
Anvi Kurian,dshenoy@ratta.com,BBA,IT,2024,Deloitte,System Engineer,843600,Bangalore,2022-06-07
Arnav Wable,zain88@yahoo.com,BA,IT,2024,Deloitte,System Engineer,633328,Hyderabad,2024-01-27
Kavya Boase,koshymehul@ramesh.com,BCA,Civil,2021,Capgemini,Data Analyst,597836,Hyderabad,2023-05-28
Nirvaan Shetty,xgokhale@gmail.com,BA,EEE,2024,Microsoft,Consultant,933188,Bangalore,2025-02-24
Rohan Vaidya,gourmadhup@yahoo.com,BBA,IT,2022,Amazon,Software Engineer,654544,Pune,2023-11-02
Manjari Kurian,raghavguha@gmail.com,B.Com,ECE,2023,Amazon,Software Engineer,625212,Chennai,2024-08-29
Nakul Choudhury,xissac@yahoo.com,BCA,EEE,2020,Infosys,Data Analyst,600570,Pune,2024-02-17
Adira Srinivas,tmander@choudhry.com,B.Sc,Civil,2022,TCS,Consultant,1102871,Pune,2025-03-14
Misha Singhal,varmaranbir@date-bhardwaj.com,B.Tech,EEE,2020,TCS,Support Engineer,406237,Hyderabad,2022-04-28
Riya Arora,kabir34@hotmail.com,BBA,Civil,2020,Infosys,Support Engineer,841049,Chennai,2022-08-17
Hiran Kant,zara05@hotmail.com,BCA,ECE,2022,IBM,Web Developer,1185765,Mumbai,2023-01-17
Nakul Kala,sarnaranbir@gmail.com,B.Com,CSE,2023,Amazon,Consultant,457841,Mumbai,2023-04-15
Kiaan Srinivasan,vaibhav87@ben-upadhyay.net,BCA,ECE,2024,Google,Software Engineer,313845,Hyderabad,2023-05-16
Renee Shenoy,lakshay42@hotmail.com,BBA,CSE,2022,IBM,Support Engineer,1159373,Bangalore,2025-03-10
Zaina Bhagat,sunderarmaan@varghese.com,B.Sc,Civil,2021,IBM,Support Engineer,646991,Hyderabad,2022-10-20
Divyansh Bedi,bansalshamik@hotmail.com,B.Sc,IT,2020,Google,System Engineer,360522,Mumbai,2023-10-08
Nayantara Apte,ebaral@yahoo.com,B.Com,IT,2024,Capgemini,Web Developer,771616,Pune,2023-10-01
Urvi Venkataraman,kanavramaswamy@yahoo.com,B.Com,CSE,2024,Infosys,Data Analyst,325903,Mumbai,2024-03-14
Indrajit Gaba,jayan54@yahoo.com,BA,ECE,2022,Accenture,Data Analyst,791671,Delhi,2023-05-18
Anahita Ravel,nayantara09@gmail.com,B.Sc,Mechanical,2022,Google,Support Engineer,1053010,Delhi,2023-04-24
Madhav Salvi,bbhavsar@bhat-sami.com,B.Sc,ECE,2024,Microsoft,System Engineer,387544,Delhi,2023-04-26
Fateh Wable,ramabaiju@hotmail.com,B.Tech,IT,2021,Microsoft,Support Engineer,818239,Delhi,2024-01-20
Divyansh Banik,nirvaangopal@yahoo.com,BCA,EEE,2021,Infosys,Software Engineer,958802,Pune,2022-10-17
Bhavin Bhavsar,prerakchoudhry@sama.info,B.Tech,ECE,2021,IBM,Data Analyst,842382,Pune,2024-08-16
Shanaya Bahri,trishasamra@jani.com,BA,Civil,2024,Accenture,Software Engineer,1062915,Chennai,2022-09-17
Saira Shere,sanihansh@barad-hegde.biz,B.Sc,IT,2021,Deloitte,Web Developer,597258,Pune,2022-09-07
Kaira Bahl,emir03@hotmail.com,B.Sc,EEE,2024,Infosys,Data Analyst,1063730,Mumbai,2024-03-27
Uthkarsh Kumer,ira23@biswas.com,B.Sc,Civil,2024,Microsoft,Web Developer,1063173,Bangalore,2022-11-16
Manjari Dhaliwal,tarini04@yahoo.com,BBA,IT,2021,Wipro,System Engineer,1095483,Delhi,2024-09-24
Ojas Ganguly,usrivastava@datta.info,BCA,Civil,2020,IBM,Support Engineer,784992,Pune,2024-01-31
Jhanvi Kibe,urvi35@jain.com,B.Sc,Civil,2024,Wipro,Consultant,930267,Hyderabad,2024-12-24
Riaan Kakar,jainehsaan@raj.info,BCA,Mechanical,2022,Microsoft,Support Engineer,595151,Pune,2024-07-09
Eshani Chada,vaibhav19@hotmail.com,BBA,CSE,2022,Amazon,Consultant,391914,Delhi,2025-01-15
Ritvik Manne,ramakrishnanamira@gmail.com,B.Tech,ECE,2021,Accenture,Web Developer,333804,Hyderabad,2022-07-09
Krish Deshpande,wahuja@datta-dora.com,BCA,ECE,2023,TCS,Software Engineer,507959,Delhi,2023-06-06
Heer Deo,rananakul@yahoo.com,B.Com,ECE,2020,Google,Web Developer,609838,Hyderabad,2024-05-23
Alia Dâ€™Alia,balaadvika@hotmail.com,B.Sc,EEE,2022,Microsoft,Data Analyst,418439,Bangalore,2024-12-06
Farhan Badami,tushar80@wable.com,BA,EEE,2024,TCS,Support Engineer,1065621,Mumbai,2025-01-17
Samiha Ramanathan,ehsaan65@johal.com,BCA,ECE,2020,IBM,Software Engineer,995461,Chennai,2025-03-30
Siya Srivastava,akarshtank@hotmail.com,B.Sc,Civil,2024,Amazon,Support Engineer,306066,Hyderabad,2023-10-17
Kanav Krish,rsuri@khosla.net,BBA,IT,2023,Infosys,Support Engineer,310174,Bangalore,2023-04-18
Dhruv Kota,shaan80@hotmail.com,BCA,IT,2023,TCS,Software Engineer,755485,Chennai,2022-10-15
Miraan Desai,oagrawal@hotmail.com,B.Com,Civil,2023,TCS,Support Engineer,695718,Pune,2022-08-20
Divij Ramesh,yuvraj-56@hotmail.com,BCA,Civil,2021,TCS,Web Developer,1170320,Delhi,2023-10-26
Badal Mane,azad08@gmail.com,BBA,Mechanical,2021,Deloitte,Support Engineer,423377,Hyderabad,2024-10-18
Ira Chaudhari,kbadal@sule-bail.org,B.Sc,Civil,2024,Google,Support Engineer,813866,Hyderabad,2024-08-02
Damini Ravel,ebassi@yahoo.com,BBA,ECE,2021,Wipro,Data Analyst,367717,Hyderabad,2024-03-11
Aniruddh Bajwa,vbahl@rajan.com,B.Sc,EEE,2024,Deloitte,Software Engineer,380819,Pune,2024-12-03
Shamik Bains,gokhaleamira@bhasin.com,BA,Mechanical,2024,Accenture,System Engineer,1092487,Mumbai,2024-02-19
Parinaaz Chokshi,katariaan@hotmail.com,B.Tech,ECE,2021,TCS,Web Developer,301147,Hyderabad,2022-12-19
Azad Iyengar,dixitjhanvi@yahoo.com,B.Sc,IT,2022,Infosys,System Engineer,828751,Chennai,2023-09-22
Samiha Balan,mdalal@loke-kant.biz,B.Tech,IT,2020,Wipro,Web Developer,379396,Bangalore,2022-06-27
Advika Dar,emirjohal@gmail.com,B.Sc,Mechanical,2022,Amazon,System Engineer,887868,Hyderabad,2022-11-30
Saksham Buch,bhargavasana@gmail.com,B.Sc,Civil,2024,Accenture,System Engineer,580275,Bangalore,2025-01-20
Jivika Shan,gaggarwal@yahoo.com,BBA,Civil,2022,Google,Data Analyst,502831,Pune,2023-08-21
Vaibhav Khare,karniktara@yahoo.com,B.Tech,CSE,2023,Google,Software Engineer,561073,Bangalore,2023-09-03
Ishita Dass,aayush25@yahoo.com,B.Com,ECE,2022,Deloitte,System Engineer,593564,Pune,2024-01-27
Krish Gill,misha95@deep-ramakrishnan.com,B.Sc,CSE,2022,TCS,System Engineer,553561,Mumbai,2025-02-09
Farhan Srinivasan,dhanushbobal@chad-varughese.com,BA,CSE,2021,IBM,Data Analyst,1066485,Mumbai,2022-09-17
Tarini Batra,indransdeep@bumb-de.com,BBA,EEE,2024,Microsoft,System Engineer,475092,Chennai,2022-07-04
Ojas Edwin,jhanvi93@dutt.biz,B.Sc,CSE,2022,Microsoft,Web Developer,1082037,Chennai,2024-03-14
Kaira Dubey,arnav60@yahoo.com,BBA,IT,2020,Wipro,Data Analyst,721086,Mumbai,2023-06-06
Navya Dhar,neelofarsrinivasan@hayre.com,BA,CSE,2020,IBM,Data Analyst,588320,Mumbai,2022-08-20
Jiya Dâ€™Alia,priyanshravi@gmail.com,B.Tech,Civil,2024,Infosys,Data Analyst,541403,Chennai,2022-11-23
Uthkarsh Ray,ukohli@yahoo.com,BBA,Mechanical,2020,Amazon,Support Engineer,909644,Bangalore,2024-08-01
Zaina Acharya,ggara@gmail.com,B.Com,Mechanical,2021,Amazon,Software Engineer,1198129,Bangalore,2023-10-20
Ira Chandra,aainawable@gmail.com,B.Com,Mechanical,2022,TCS,Web Developer,1063812,Hyderabad,2022-08-08
Kimaya Dash,ahana-39@sane.com,BCA,Mechanical,2024,Wipro,Consultant,545119,Bangalore,2024-07-10
Nirvi Sani,madanriya@hotmail.com,B.Sc,ECE,2023,Deloitte,Software Engineer,648868,Hyderabad,2022-06-14
Keya Dayal,fkibe@sandal.com,BCA,ECE,2023,Capgemini,Consultant,584963,Delhi,2023-10-16
Nitara Sawhney,dhanush00@hotmail.com,BBA,Civil,2024,Capgemini,Support Engineer,520025,Chennai,2023-05-04
Bhamini Kari,daremir@bora.info,BCA,EEE,2020,IBM,Data Analyst,677295,Hyderabad,2025-04-05
Suhana Zachariah,talwartara@bakshi-hans.com,B.Sc,ECE,2021,Capgemini,System Engineer,991399,Chennai,2025-02-20
Myra Kant,daraojas@hotmail.com,B.Sc,EEE,2023,TCS,Software Engineer,1120924,Pune,2025-04-01
Fateh Sabharwal,rsetty@sami.biz,B.Com,EEE,2023,Accenture,Data Analyst,1028228,Pune,2023-03-03
Charvi Rastogi,tde@gmail.com,BA,EEE,2023,Wipro,Support Engineer,924787,Mumbai,2024-09-18
Himmat Khosla,rohandoshi@gmail.com,BCA,CSE,2021,Amazon,Software Engineer,970021,Mumbai,2024-01-29
Ela Kata,hunar87@yahoo.com,B.Sc,ECE,2021,Infosys,Consultant,942336,Delhi,2023-12-22
Shalv Sekhon,pkanda@gmail.com,BBA,Mechanical,2022,Wipro,Software Engineer,837158,Pune,2022-06-22
Hansh Hari,rdatta@sandhu.com,B.Tech,IT,2021,Infosys,Support Engineer,357629,Pune,2023-02-07
Akarsh Gaba,renee02@banik.org,BA,Civil,2022,Google,Consultant,613637,Mumbai,2024-05-24
Diya Dalal,drishyawalla@gmail.com,BCA,EEE,2020,Deloitte,Support Engineer,990974,Hyderabad,2023-01-04
Anay Tandon,sekhonnitya@sundaram.com,BA,Mechanical,2024,Microsoft,Data Analyst,872183,Hyderabad,2022-12-29
Saksham Dara,hridaanbadami@hotmail.com,BBA,ECE,2020,Infosys,Consultant,967701,Delhi,2023-10-21
Jayant Krishnamurthy,yashvishankar@sagar-chandran.com,B.Tech,ECE,2023,Microsoft,System Engineer,574486,Mumbai,2024-06-23
Riya Master,basudamini@gmail.com,B.Com,Civil,2023,Google,Web Developer,1150119,Pune,2024-10-04
Nirvi Jha,ramamira@sami.com,BBA,CSE,2022,Amazon,Consultant,929910,Mumbai,2025-02-22
Chirag Kamdar,sehgalanaya@gmail.com,BCA,EEE,2021,Infosys,Consultant,634038,Chennai,2023-12-09
Siya Saran,dishanibahl@gmail.com,B.Sc,IT,2020,IBM,Consultant,380762,Pune,2022-05-22
Lakshay Ratta,aarnabhatnagar@bawa.com,BA,EEE,2024,TCS,Software Engineer,623010,Bangalore,2023-02-13
Vaibhav Mann,siya18@agrawal.com,BCA,EEE,2021,TCS,Software Engineer,866949,Chennai,2024-02-21
Aayush Ghosh,kbadal@gmail.com,BCA,EEE,2023,TCS,Web Developer,349454,Bangalore,2024-01-15
Aradhya Grewal,wbehl@bajwa-goswami.info,BCA,EEE,2023,TCS,Support Engineer,390817,Bangalore,2024-09-22
Saanvi Uppal,ysetty@sane.com,B.Tech,EEE,2024,IBM,Web Developer,585648,Pune,2024-09-16
Samar Shere,samairajha@gmail.com,BA,CSE,2020,Capgemini,Software Engineer,1030851,Delhi,2023-01-23
Zaina Sarraf,dwali@gera.org,BCA,IT,2020,TCS,Software Engineer,631129,Hyderabad,2024-11-07
Jayesh Kulkarni,reyanshbahl@som.com,B.Com,IT,2021,TCS,Consultant,328999,Bangalore,2022-12-08
Umang Varty,dishani96@doshi-datta.info,BBA,EEE,2024,Google,Software Engineer,1189076,Bangalore,2024-04-21
Pari Setty,dharmajan50@korpal.com,B.Tech,Civil,2023,Deloitte,Software Engineer,629444,Mumbai,2024-10-28
Indrans Barman,wallaalia@gmail.com,BA,Civil,2023,Amazon,Consultant,962009,Bangalore,2025-02-24
Ishaan Kara,navyashroff@sibal.com,BA,EEE,2022,Deloitte,Support Engineer,547863,Hyderabad,2023-09-24
Anika Chadha,keerkartik@bhargava-kamdar.com,BBA,IT,2021,Wipro,Data Analyst,819859,Chennai,2024-06-22
Aarna Keer,prisha79@yahoo.com,B.Tech,EEE,2020,Accenture,Web Developer,592517,Bangalore,2023-04-19
Suhana Goel,kondaprisha@hotmail.com,B.Sc,Civil,2023,Capgemini,Web Developer,880584,Pune,2022-07-09
Stuvan Mandal,ayeshabhattacharyya@badal.org,B.Com,EEE,2023,IBM,Support Engineer,345989,Hyderabad,2024-03-18
Aniruddh Sunder,dbarman@khurana.com,BCA,EEE,2020,Google,System Engineer,980469,Chennai,2023-02-18
Jivin Sama,zgoel@ramanathan.biz,BA,Civil,2022,Wipro,Data Analyst,343222,Pune,2024-09-04
Anika Virk,tanya82@gmail.com,B.Com,EEE,2023,Google,System Engineer,1003764,Chennai,2024-01-04
Zain Seth,riaan87@gmail.com,B.Sc,IT,2021,Wipro,Software Engineer,970437,Hyderabad,2024-12-08
Jayesh Chacko,pihubassi@gmail.com,BA,EEE,2022,Deloitte,System Engineer,404487,Pune,2024-09-15
Arnav Sarma,qchakraborty@yahoo.com,B.Com,CSE,2023,TCS,System Engineer,498145,Bangalore,2023-04-06
Anaya Bora,ivan29@de-mane.net,BA,EEE,2024,Deloitte,Web Developer,737560,Mumbai,2024-10-06
Kartik Magar,vgarde@ratta.com,BCA,Civil,2021,Microsoft,Web Developer,1140595,Mumbai,2024-09-14
Eva Iyengar,yjha@gmail.com,BCA,EEE,2024,TCS,Software Engineer,705313,Delhi,2024-01-23
Anahi Bansal,shalv15@yahoo.com,B.Tech,Mechanical,2021,Capgemini,System Engineer,1123589,Bangalore,2023-07-29
Mannat Yadav,diya01@banik.com,B.Com,Civil,2020,Wipro,System Engineer,1078924,Delhi,2023-08-31
Krish Chana,amani63@hotmail.com,B.Tech,CSE,2024,Capgemini,Support Engineer,647527,Delhi,2024-01-22
Alia Mammen,chopraalia@gmail.com,BA,EEE,2022,Accenture,Software Engineer,1115555,Delhi,2022-11-03
Dharmajan Bhavsar,badalchandran@yahoo.com,BBA,CSE,2022,Capgemini,Web Developer,431335,Pune,2024-07-13
Prisha Tak,tellataimur@virk.com,B.Com,Civil,2021,Amazon,Consultant,725908,Bangalore,2024-01-27
Aarush Sastry,emirkrishnamurthy@hotmail.com,B.Sc,IT,2022,Microsoft,System Engineer,689697,Delhi,2024-07-17
Hrishita Yadav,rohan49@hotmail.com,B.Com,EEE,2021,Google,Consultant,448103,Delhi,2024-10-04
Zaina Ratti,priyanshwable@sundaram.com,B.Tech,IT,2020,Capgemini,Web Developer,1106252,Mumbai,2022-05-09
Nirvi Subramaniam,sdalal@tripathi-bhalla.net,B.Tech,Civil,2023,Capgemini,Software Engineer,586381,Pune,2023-07-28
Eva Din,tanyaravel@hotmail.com,BA,Mechanical,2020,Amazon,System Engineer,621608,Bangalore,2023-10-14
Adah Dara,bsheth@gmail.com,BCA,CSE,2023,Microsoft,Support Engineer,776063,Mumbai,2024-09-28
Dhanuk Bal,swaminathanromil@chanda.com,B.Sc,EEE,2023,IBM,Software Engineer,889320,Pune,2022-09-23
Lavanya Dave,vihaan24@hotmail.com,B.Tech,IT,2020,Wipro,Support Engineer,451481,Delhi,2024-03-13
Vanya Barad,tjhaveri@bhavsar.com,BBA,EEE,2020,Capgemini,Data Analyst,1158071,Chennai,2023-01-01
Saanvi Chhabra,brarjivin@gmail.com,B.Com,IT,2020,TCS,Software Engineer,462268,Mumbai,2024-01-12
Ryan Sharma,misha18@saxena-agate.com,BCA,Mechanical,2021,Deloitte,Consultant,971111,Mumbai,2023-05-09
Akarsh Salvi,oorjavarty@soni.org,B.Tech,ECE,2023,Wipro,Software Engineer,489034,Pune,2025-03-03
Eshani Talwar,qwarrior@hotmail.com,BBA,ECE,2020,Microsoft,Support Engineer,741855,Bangalore,2024-07-19
Chirag Kaul,siyagera@boase.org,BCA,CSE,2020,Google,Consultant,360784,Pune,2023-09-20
Yuvraj  Kumar,pdara@jaggi-hayer.com,BA,Mechanical,2021,Microsoft,Consultant,1176318,Delhi,2023-08-06
Advik Goswami,emir57@hotmail.com,B.Sc,Mechanical,2021,Infosys,Data Analyst,328301,Pune,2023-05-30
Yuvaan Loyal,yasminborde@yahoo.com,B.Tech,EEE,2022,Amazon,Web Developer,514968,Bangalore,2023-05-22
Armaan Balan,aggarwaljayesh@hotmail.com,B.Sc,ECE,2020,Capgemini,System Engineer,976253,Bangalore,2024-04-08
Eshani Chada,bassiemir@warrior.info,B.Tech,Mechanical,2020,TCS,Consultant,997080,Hyderabad,2023-08-27
Adah Sarin,aarushbhakta@datta-shankar.com,BCA,EEE,2021,Infosys,Web Developer,846205,Bangalore,2024-06-30
Pihu Korpal,wgokhale@gmail.com,BA,IT,2024,Wipro,Software Engineer,809840,Bangalore,2023-07-24
Divit Tata,rajasahil@barad-goda.net,B.Com,CSE,2021,Infosys,Software Engineer,834472,Bangalore,2023-03-13
Jhanvi Choudhury,urvikhurana@bala.com,B.Sc,Mechanical,2024,Microsoft,Web Developer,914327,Hyderabad,2024-03-13
Ishaan Mannan,sara09@wali-basak.info,BA,Civil,2020,Accenture,System Engineer,618196,Hyderabad,2024-08-22
Darshit Deep,nsachdeva@talwar.com,BBA,Civil,2022,Capgemini,Data Analyst,956050,Pune,2024-06-02
Ishita Roy,nitarachatterjee@mahal-sundaram.com,B.Tech,EEE,2023,Infosys,System Engineer,750112,Pune,2022-10-10
Anaya Iyer,deolstuvan@garg.com,BA,IT,2023,Google,Support Engineer,939557,Hyderabad,2022-10-22
Charvi Garde,jayaramanjiya@gmail.com,BBA,ECE,2023,IBM,Support Engineer,605856,Bangalore,2023-03-26
Pihu Shroff,twarrior@sibal.com,B.Tech,Mechanical,2021,Wipro,Support Engineer,670177,Chennai,2022-04-11
Alisha Dayal,divijshanker@hotmail.com,BA,Civil,2023,Microsoft,Consultant,579663,Pune,2024-12-16
Advik Kannan,kadejayant@yahoo.com,BA,IT,2021,Microsoft,Software Engineer,630587,Bangalore,2022-04-24
Hridaan Badal,karniklagan@yahoo.com,B.Tech,Mechanical,2024,Infosys,Web Developer,987413,Chennai,2022-11-03
Hrishita Sama,faiyazrandhawa@saraf-seshadri.com,BBA,CSE,2020,Wipro,System Engineer,372262,Delhi,2023-11-08
Miraya Samra,subramaniamaarav@yahoo.com,BBA,ECE,2022,Wipro,Data Analyst,364709,Delhi,2023-07-07
Prisha Chandran,cbawa@yahoo.com,BA,ECE,2021,TCS,Consultant,358047,Bangalore,2023-07-30
Saira Rout,hridaan33@yahoo.com,B.Com,ECE,2024,Deloitte,Support Engineer,569125,Chennai,2023-08-29
Romil Bali,qhans@hotmail.com,BA,CSE,2023,Amazon,Software Engineer,884059,Chennai,2025-03-04
Ivan Borde,divyanshvarughese@verma-char.com,B.Tech,EEE,2023,TCS,Data Analyst,1183795,Bangalore,2022-07-21
Vivaan Gala,bhasinriya@gmail.com,BBA,Mechanical,2021,Accenture,System Engineer,431286,Mumbai,2023-01-29
Neelofar Saini,divijkale@yahoo.com,B.Tech,Mechanical,2023,Infosys,Software Engineer,1176649,Bangalore,2022-06-12
Madhav Aurora,garaonkar@de.org,BA,Mechanical,2022,Microsoft,Web Developer,1095699,Delhi,2024-11-05
Vanya Ratti,amanikar@hotmail.com,BA,IT,2020,Microsoft,System Engineer,810276,Chennai,2023-02-26
Riya Bakshi,kismat50@yahoo.com,B.Com,EEE,2020,Microsoft,System Engineer,846775,Pune,2022-12-11
Seher Kothari,madhup07@hotmail.com,BBA,CSE,2020,Google,Support Engineer,526415,Pune,2023-06-15
Ritvik Maharaj,suhana76@hotmail.com,BA,IT,2022,Microsoft,System Engineer,419038,Mumbai,2023-05-13
Mishti Shan,romilwali@yahoo.com,B.Com,Civil,2021,Google,Web Developer,476171,Delhi,2025-02-20
Kanav Virk,vvarma@choudhary.com,B.Tech,Mechanical,2024,IBM,System Engineer,480269,Pune,2022-10-08
Miraya Hegde,rsama@rajagopalan.com,BA,Mechanical,2021,Infosys,Software Engineer,1190836,Bangalore,2023-12-16
Kashvi Desai,skulkarni@yadav.biz,B.Com,CSE,2024,Deloitte,Data Analyst,905173,Hyderabad,2022-11-20
Kiara Sankar,anahitahora@sankar.com,B.Sc,ECE,2023,Capgemini,Consultant,850453,Pune,2024-11-17
Shray Lad,banikgokul@iyer-varkey.com,BA,ECE,2023,TCS,Software Engineer,745793,Pune,2023-08-26
Shray Mahal,osaraf@ben.com,B.Sc,Civil,2021,Google,Web Developer,1003426,Bangalore,2023-05-04
Baiju Golla,duariya@hotmail.com,B.Tech,CSE,2021,Infosys,Data Analyst,856281,Bangalore,2025-03-31
Kiara Grover,fdara@dar-dhar.biz,BA,Civil,2022,Accenture,Data Analyst,1084082,Mumbai,2025-03-18
Eshani Ramesh,anvijain@gmail.com,B.Tech,IT,2020,Infosys,Web Developer,1027251,Hyderabad,2024-01-28
Jayesh Kant,ramakaira@dave.info,BCA,Civil,2023,Capgemini,Support Engineer,451785,Mumbai,2024-03-29
Ela Wable,damini32@chandra.org,B.Tech,CSE,2024,Capgemini,Software Engineer,521462,Delhi,2024-02-14
Trisha Borah,fghosh@tailor.com,BA,Civil,2021,IBM,Web Developer,858973,Hyderabad,2024-04-28
Nirvi Srivastava,kdey@yahoo.com,B.Tech,CSE,2020,Deloitte,System Engineer,1017985,Hyderabad,2025-02-22
Madhup Yogi,dharmajan60@chaudhuri-mammen.com,BBA,CSE,2020,Infosys,Support Engineer,914755,Mumbai,2024-10-12
Bhavin Ghosh,frandhawa@hotmail.com,BA,ECE,2024,TCS,Software Engineer,696615,Pune,2024-11-27
Vivaan Chana,mahluwalia@shere-iyengar.com,B.Sc,ECE,2020,Microsoft,Data Analyst,1018419,Delhi,2024-06-30
Siya Bhat,duttariya@sani-desai.com,BCA,CSE,2021,Google,System Engineer,400005,Hyderabad,2022-11-05
Adah Dixit,taranmann@char-handa.biz,BA,EEE,2021,Wipro,Software Engineer,695574,Pune,2024-03-06
Ayesha Lanka,pranaytandon@dua.com,B.Tech,ECE,2020,TCS,Software Engineer,980943,Delhi,2024-11-10
Dishani Saran,anayseth@gmail.com,BA,EEE,2023,Google,Data Analyst,920159,Chennai,2022-05-02
Riaan Ramaswamy,sethyashvi@hotmail.com,B.Tech,Civil,2024,Wipro,Support Engineer,664117,Chennai,2023-01-28
Shlok Batta,schokshi@dalia-borah.com,BCA,CSE,2020,TCS,Support Engineer,416285,Mumbai,2022-05-31
Neelofar Hayer,hrana@sarraf-dash.info,BCA,IT,2021,Infosys,Consultant,1093154,Hyderabad,2022-12-06
Yakshit Bobal,kiaan13@bali.org,B.Sc,EEE,2020,Wipro,Support Engineer,754411,Chennai,2024-08-24
Ela Mammen,kaulhridaan@yahoo.com,BBA,Civil,2020,Amazon,Support Engineer,1008001,Bangalore,2025-03-03
Chirag Sha,yuvaan17@jain.com,B.Sc,Civil,2022,Microsoft,Consultant,893288,Mumbai,2023-02-15
Anahi Ravel,aboase@dhaliwal-rastogi.com,BA,IT,2022,Microsoft,Data Analyst,1157660,Chennai,2024-09-09
Nayantara Luthra,mamooty25@yahoo.com,BBA,Civil,2022,Microsoft,Software Engineer,761829,Mumbai,2022-10-05
Yasmin Soman,madankismat@gmail.com,B.Sc,Mechanical,2024,IBM,Data Analyst,629479,Chennai,2024-11-13
Dhanuk Hora,ochahal@hotmail.com,BCA,EEE,2020,IBM,Web Developer,375747,Chennai,2022-12-18
Samaira Vaidya,manjari01@hotmail.com,B.Sc,CSE,2023,Google,Support Engineer,1177014,Chennai,2024-03-03
Himmat Sen,ymane@yahoo.com,B.Com,Civil,2022,Google,Support Engineer,486627,Mumbai,2024-08-31
Purab Bath,shenoygatik@grover.com,B.Com,CSE,2022,Amazon,Software Engineer,768958,Delhi,2023-08-19
Miraan Thakur,rheadalal@shan-randhawa.net,BA,Civil,2023,Infosys,Data Analyst,876670,Pune,2024-10-27
Azad Joshi,riaanjain@gmail.com,B.Tech,ECE,2022,Wipro,System Engineer,844969,Pune,2024-12-12
Anahita Varughese,rdhar@sen.com,B.Com,Mechanical,2021,Microsoft,Software Engineer,542881,Delhi,2025-01-22
Adira Ray,rastogisaanvi@varma.com,BCA,Mechanical,2024,Deloitte,Web Developer,1132873,Pune,2022-04-09
Anvi Kuruvilla,walitara@grover.com,B.Com,EEE,2021,IBM,Consultant,504518,Hyderabad,2022-08-04
Emir Wadhwa,ojohal@bhagat.com,B.Com,Mechanical,2021,Wipro,Software Engineer,806813,Bangalore,2024-05-02
Nakul Brahmbhatt,elakshigara@hayre.net,BCA,IT,2021,Wipro,Consultant,326800,Bangalore,2024-07-29
Manjari Batta,hazelbhardwaj@yahoo.com,BA,ECE,2021,Google,Web Developer,310401,Mumbai,2024-09-25
Tarini Khare,raghavgole@hotmail.com,BA,Mechanical,2023,Deloitte,Web Developer,466452,Mumbai,2022-09-10
Priyansh Dada,obhandari@kibe.com,B.Tech,Mechanical,2023,Capgemini,System Engineer,1070934,Mumbai,2024-03-20
Romil Tandon,charvi19@saha.com,BA,Civil,2024,TCS,Software Engineer,325047,Delhi,2023-04-17
Saksham Mallick,imalhotra@yahoo.com,BBA,IT,2023,Accenture,Software Engineer,530488,Bangalore,2024-07-22
Anvi Kala,sachdevrenee@mammen.com,B.Sc,IT,2020,Wipro,Data Analyst,1174560,Bangalore,2022-07-09
Himmat Wable,anviravel@gmail.com,B.Com,EEE,2020,Amazon,Software Engineer,578198,Chennai,2023-01-16
Advik Mander,cchhabra@hotmail.com,B.Tech,Mechanical,2020,Google,Data Analyst,615377,Pune,2023-04-01
Rohan Luthra,urvi21@dixit.biz,BA,Civil,2020,Amazon,Consultant,1069266,Chennai,2025-03-29
Raunak Raj,elakshi69@gmail.com,BA,ECE,2023,TCS,Software Engineer,516847,Mumbai,2023-01-25
Madhup Bhat,kalarati@mahajan.com,BCA,CSE,2020,Wipro,Consultant,1157670,Chennai,2023-01-19
Ryan Lanka,rattikiara@karnik.info,BCA,Civil,2024,Accenture,System Engineer,1161020,Hyderabad,2022-08-02
Anya Kuruvilla,lshenoy@yahoo.com,B.Com,Mechanical,2023,Wipro,Data Analyst,640791,Pune,2023-04-09
Vihaan Dubey,bhamini20@zachariah.org,BA,Mechanical,2021,IBM,Support Engineer,585109,Mumbai,2023-07-15
Darshit Char,trishabhandari@hotmail.com,B.Sc,ECE,2021,Microsoft,System Engineer,492135,Pune,2023-11-04
Nakul Bhardwaj,dharmajan05@ganguly-ray.org,B.Sc,Mechanical,2020,Deloitte,Consultant,769522,Hyderabad,2023-02-24
Anahita Sami,purab88@gmail.com,B.Sc,Mechanical,2020,Deloitte,Web Developer,673261,Bangalore,2023-05-05
Mishti Sami,mohanlalchahal@ahuja-karan.net,B.Sc,Mechanical,2022,Amazon,System Engineer,972675,Hyderabad,2022-08-01
Parinaaz Sahni,bavaadah@srivastava-kakar.info,B.Com,ECE,2023,TCS,Web Developer,676045,Chennai,2024-02-29
Pari Dugar,doctordhanush@chanda.info,BCA,EEE,2021,Capgemini,Consultant,1057232,Delhi,2024-02-16
Armaan Keer,shaprisha@dyal.com,B.Tech,Civil,2020,Accenture,Consultant,849102,Chennai,2023-04-21
Anaya Sachar,rhea23@kala-yohannan.com,BA,Civil,2024,Google,Software Engineer,717254,Chennai,2024-03-11
Vaibhav Chatterjee,zkumar@dhingra.info,BBA,EEE,2022,Wipro,Support Engineer,343499,Pune,2023-02-28
Dhanush Thakur,mchanda@gmail.com,B.Sc,Civil,2022,Capgemini,Data Analyst,404950,Chennai,2024-11-23
Prisha Chandran,pdoctor@gmail.com,BA,EEE,2023,Deloitte,Data Analyst,417910,Chennai,2022-05-15
Kiaan Basak,vkothari@hotmail.com,BCA,Civil,2023,Accenture,Data Analyst,356239,Pune,2022-09-19
Ranbir Varma,ladarnav@hotmail.com,B.Com,IT,2023,TCS,System Engineer,662925,Chennai,2023-03-12
Aradhya Arya,drishya68@hotmail.com,B.Com,IT,2023,Microsoft,System Engineer,810534,Hyderabad,2023-05-21
Jayant Banik,asaraf@iyer-chad.com,BBA,Mechanical,2021,Google,Web Developer,426915,Chennai,2022-06-05
Reyansh Balakrishnan,raniachawla@rana.com,BCA,ECE,2023,TCS,Support Engineer,803923,Mumbai,2022-08-02
Adira Mahal,hegdeaarush@batta-chaudhari.com,B.Tech,EEE,2021,Accenture,Data Analyst,1124826,Chennai,2024-04-24
Raunak Sridhar,hgrewal@shah-krishnamurthy.com,B.Tech,CSE,2021,Google,Data Analyst,401676,Pune,2024-10-20
Aradhya Aurora,adira75@yahoo.com,BA,Mechanical,2021,Accenture,Web Developer,540234,Pune,2023-10-27
Adah Chacko,lavanyasrivastava@sen-banik.com,B.Sc,Mechanical,2021,Infosys,Data Analyst,1049058,Hyderabad,2023-07-22
Nitara Lall,gopaljivin@yahoo.com,BCA,EEE,2024,Infosys,Support Engineer,325658,Delhi,2024-12-12
Trisha Korpal,dyalrenee@sur-bora.com,B.Tech,Mechanical,2023,Microsoft,Support Engineer,335531,Bangalore,2023-02-19
Miraya Jayaraman,armaan50@wason-upadhyay.com,BBA,Civil,2020,Google,Consultant,562477,Mumbai,2022-04-28
Divit Agrawal,ikhare@hotmail.com,BCA,Civil,2023,Google,Web Developer,427101,Pune,2022-05-29
Alisha Swamy,lakshit74@hotmail.com,BA,CSE,2024,Google,Software Engineer,387991,Mumbai,2023-08-09
Raunak Tella,majumdarstuvan@ahluwalia.com,BCA,IT,2021,Capgemini,System Engineer,1010153,Delhi,2022-08-21
Neysa Yogi,indrajitluthra@kala.com,B.Tech,EEE,2020,Capgemini,Support Engineer,322511,Pune,2024-05-05
Zaina Choudhary,dyalshayak@yahoo.com,B.Sc,ECE,2021,Wipro,Software Engineer,1040720,Pune,2024-02-06
Mohanlal Manda,samiha01@chahal.com,B.Com,EEE,2024,Microsoft,Data Analyst,393393,Hyderabad,2024-10-21
Aaryahi Ganguly,ahana-ramaswamy@korpal.com,BBA,CSE,2024,TCS,Software Engineer,389835,Delhi,2024-06-04
Indrajit Buch,uthkarsh12@tiwari-chokshi.org,BA,Civil,2020,Infosys,Data Analyst,1182770,Delhi,2023-04-20
Umang Bhakta,akarsh19@kapur.com,B.Sc,EEE,2022,Wipro,Support Engineer,619747,Hyderabad,2023-09-12
Nakul Desai,yuvraj-chacko@gmail.com,B.Tech,Mechanical,2020,Microsoft,Support Engineer,970690,Hyderabad,2024-11-02
Nirvaan Kanda,tara22@chad-biswas.com,BCA,ECE,2022,IBM,Consultant,452861,Chennai,2024-05-21
Madhav Vig,godaamani@hotmail.com,B.Sc,Civil,2023,Deloitte,Consultant,1060072,Delhi,2022-07-17
Riya Wagle,tanyatoor@badal.com,B.Com,ECE,2024,Infosys,Web Developer,1094805,Chennai,2024-07-04
Amira Balakrishnan,xchacko@yahoo.com,BBA,Mechanical,2020,Microsoft,Support Engineer,1028893,Hyderabad,2022-05-28
Ayesha Johal,groverbaiju@gmail.com,BCA,Mechanical,2020,Amazon,Support Engineer,324672,Hyderabad,2022-11-21
Dhruv Sridhar,yuvaan66@yahoo.com,BA,IT,2022,Google,Consultant,1096519,Bangalore,2024-08-04
Neelofar Kothari,adahacharya@ghose.com,B.Com,EEE,2020,Capgemini,Data Analyst,513757,Delhi,2023-10-06
Baiju Sami,rohansharaf@deep.com,BA,EEE,2020,Wipro,System Engineer,532583,Delhi,2024-12-17
Yuvraj  Kothari,sara70@sane-sachdeva.org,B.Sc,ECE,2021,IBM,Web Developer,1161815,Hyderabad,2024-07-21
Sahil Chaudhary,sarnabhamini@gill.org,B.Tech,IT,2024,TCS,Data Analyst,552649,Delhi,2023-10-09
Amira Thakkar,raghav33@dugar.com,B.Tech,EEE,2022,Google,Software Engineer,870484,Chennai,2024-09-07
Tanya Hora,zthaker@sama.com,B.Tech,EEE,2024,Infosys,Data Analyst,1192718,Delhi,2023-10-01
Inaaya  Dua,samarmander@subramanian-desai.org,B.Com,ECE,2024,Google,Support Engineer,629172,Delhi,2024-01-27
Onkar Sastry,ebandi@dhillon.biz,BBA,EEE,2022,Infosys,Web Developer,341339,Hyderabad,2024-08-30
Urvi Dubey,aarav36@setty.com,B.Tech,Civil,2022,Accenture,Consultant,328016,Chennai,2024-07-07
Trisha Ravel,arnav67@bansal-anne.info,BCA,Civil,2022,TCS,Data Analyst,1100608,Hyderabad,2023-10-24
Khushi Salvi,prishakashyap@hotmail.com,B.Sc,CSE,2022,Deloitte,Web Developer,1158759,Bangalore,2022-08-24
Ayesha Bali,nirvaan10@gmail.com,B.Com,Mechanical,2020,IBM,System Engineer,837354,Bangalore,2022-06-21
Veer Shanker,ashroff@dada.net,BA,EEE,2023,Microsoft,Web Developer,852864,Mumbai,2022-11-20
Navya Bir,sanghviraunak@gmail.com,B.Sc,CSE,2020,Infosys,System Engineer,999992,Hyderabad,2024-11-27
Aarav Kumer,aradhya05@gara.info,B.Com,Civil,2020,Google,Data Analyst,1078801,Pune,2024-06-15
Vaibhav Goda,echaudhari@gmail.com,BA,EEE,2021,Infosys,Consultant,485269,Pune,2022-11-13
Faiyaz Ben,ehsaandevan@yahoo.com,BBA,ECE,2021,IBM,System Engineer,332968,Bangalore,2023-06-05
Jayant Dar,kallakhushi@gmail.com,BCA,IT,2021,Google,Software Engineer,768616,Bangalore,2025-02-27
Faiyaz Sami,srinivasankashvi@sarraf.org,BA,EEE,2024,Amazon,Support Engineer,1142382,Bangalore,2022-12-26
Mishti Deo,veersoman@yahoo.com,BBA,EEE,2022,Accenture,Support Engineer,823159,Delhi,2023-11-25
Rania Butala,aayushsibal@yahoo.com,B.Sc,EEE,2023,Capgemini,Support Engineer,678298,Delhi,2022-09-24
Krish Ganesh,borapihu@hotmail.com,B.Tech,CSE,2024,Google,Software Engineer,339354,Bangalore,2022-04-22
Trisha Savant,mishti72@gmail.com,B.Com,EEE,2020,Deloitte,Web Developer,1123244,Delhi,2022-12-23
Kanav Badal,vedika43@srinivas.com,BBA,CSE,2021,Infosys,Web Developer,746320,Bangalore,2024-05-29
Kismat Kota,umanggrover@hotmail.com,B.Tech,EEE,2023,Microsoft,System Engineer,853309,Bangalore,2024-12-17
Aradhya Khalsa,ranbirraju@yahoo.com,BCA,Civil,2024,Wipro,System Engineer,844944,Chennai,2024-07-07
Kashvi Wagle,indrans76@shetty-malhotra.com,BCA,IT,2023,Google,Web Developer,420668,Mumbai,2022-07-25
Ahana  Kothari,xchoudhary@borra-thakur.info,B.Com,Civil,2021,Google,System Engineer,363354,Delhi,2024-09-03
Ahana  Sridhar,tbumb@ahuja-ratti.org,B.Tech,EEE,2020,Infosys,Consultant,629865,Mumbai,2023-12-28
Indrajit Bhasin,tarini54@sane.com,BBA,EEE,2024,Accenture,Data Analyst,941037,Bangalore,2024-08-27
Renee Kala,alisha03@yahoo.com,B.Tech,EEE,2022,Wipro,System Engineer,548688,Delhi,2022-10-29
Divyansh Vala,zainabalasubramanian@hotmail.com,B.Tech,EEE,2024,Capgemini,Consultant,640800,Pune,2024-11-21
Heer Upadhyay,devanshguha@gmail.com,BA,CSE,2023,Amazon,Support Engineer,584840,Pune,2025-01-19
Khushi Korpal,fsekhon@gmail.com,B.Sc,IT,2024,Capgemini,Support Engineer,387746,Bangalore,2024-03-13
Raghav Kale,nakul21@kulkarni.org,B.Tech,EEE,2021,Capgemini,Support Engineer,839831,Bangalore,2025-01-09
Anahita Dyal,aayushmand@lanka.com,BBA,Mechanical,2020,Amazon,Web Developer,644137,Bangalore,2022-10-21
Saanvi Atwal,ftak@chatterjee.com,BA,IT,2020,Microsoft,Software Engineer,572914,Bangalore,2023-06-12
Kanav Devi,odave@hotmail.com,B.Tech,CSE,2020,Microsoft,System Engineer,438838,Chennai,2023-08-15
Priyansh Banerjee,ichandra@gmail.com,B.Tech,Civil,2023,Wipro,Consultant,1128221,Delhi,2024-09-28
Reyansh Venkataraman,manifaiyaz@wali.net,B.Com,ECE,2024,Wipro,System Engineer,548701,Delhi,2024-02-16
Vritika Konda,dhanush24@sekhon.org,BBA,EEE,2024,Capgemini,Consultant,1017301,Pune,2023-10-23
Anahita Chad,kvig@basu-sarna.info,B.Sc,CSE,2023,Capgemini,Software Engineer,1021937,Delhi,2022-12-06
Hrishita Sethi,romil04@dube.biz,BCA,IT,2024,Capgemini,Data Analyst,541484,Hyderabad,2023-02-28
Rati Srinivasan,gillkartik@gmail.com,BA,IT,2023,Microsoft,Consultant,973635,Mumbai,2023-03-30
Badal Sheth,thamanadvik@hotmail.com,B.Com,Mechanical,2020,Accenture,Data Analyst,488313,Hyderabad,2023-09-03
Aradhya Varkey,oorjarana@hotmail.com,B.Tech,CSE,2021,Google,Consultant,1054254,Bangalore,2025-01-11
Dhruv Hora,mehul01@kibe-bhatt.com,B.Com,Civil,2023,Google,Support Engineer,970430,Delhi,2023-02-17
Kiaan Swamy,azadtaneja@chandra.com,BCA,Mechanical,2024,TCS,Software Engineer,313752,Bangalore,2024-06-21
Lakshit Rana,sumersuresh@yahoo.com,B.Sc,ECE,2020,Amazon,Data Analyst,1003181,Pune,2023-03-11
Riaan Apte,darshit02@gmail.com,BA,ECE,2023,Microsoft,Web Developer,898347,Delhi,2022-10-30
Myra Swaminathan,rania03@yahoo.com,B.Sc,ECE,2022,Microsoft,Data Analyst,1138805,Delhi,2023-07-18
Trisha Chander,anvi19@bobal-kaur.biz,B.Tech,ECE,2021,Capgemini,Software Engineer,856403,Bangalore,2024-02-20
Indrans Gade,jbajwa@dixit-warrior.info,BA,EEE,2020,Amazon,System Engineer,762899,Mumbai,2024-04-10
Aarna Wali,adirakala@bhatia-dugal.info,BCA,IT,2022,Accenture,Web Developer,903207,Bangalore,2024-11-14
Vritika Zacharia,nirvaansibal@hotmail.com,B.Tech,IT,2021,Google,Web Developer,1146015,Bangalore,2022-08-08
Oorja Raju,ichopra@yahoo.com,B.Com,Civil,2021,Capgemini,Support Engineer,338333,Delhi,2024-11-08
Amira Ratti,somanvardaniya@zachariah.biz,B.Sc,IT,2024,Deloitte,Data Analyst,849597,Bangalore,2023-01-03
Vanya Arya,raniashan@gmail.com,B.Com,IT,2024,Wipro,Web Developer,1114793,Delhi,2022-11-28
Sumer Ganesan,ishaan61@gmail.com,B.Sc,Mechanical,2021,IBM,Data Analyst,694036,Delhi,2022-07-18
Manikya Sandhu,suhanasolanki@hotmail.com,B.Com,Civil,2022,IBM,Data Analyst,460262,Pune,2025-01-14
Badal Gala,abrambali@yahoo.com,BA,ECE,2022,Capgemini,Web Developer,1011272,Mumbai,2023-06-15
Prerak Chakraborty,zachariahshlok@gmail.com,BCA,Mechanical,2022,Amazon,System Engineer,453305,Pune,2023-01-24
Amira Rajagopalan,hsagar@hotmail.com,B.Sc,IT,2024,Infosys,Data Analyst,944942,Pune,2022-10-17
Zara Kalla,bhagattaran@chokshi-lal.org,B.Com,Mechanical,2022,TCS,Consultant,858905,Chennai,2022-07-05
Piya Brar,sumerbrar@yahoo.com,BA,EEE,2024,TCS,Support Engineer,1144832,Delhi,2024-05-14
Advik Sha,gatik45@dey-vala.com,BA,Mechanical,2020,TCS,Web Developer,1064124,Chennai,2024-06-23
Nirvi Dua,ivana88@sampath-din.biz,B.Com,ECE,2020,Infosys,Consultant,830522,Bangalore,2022-06-18
Baiju Bhavsar,jayeshsibal@viswanathan-bhatnagar.net,BCA,CSE,2024,Deloitte,Support Engineer,455887,Mumbai,2024-10-10
Jiya Kalla,tejas79@sane.com,BA,EEE,2021,Accenture,Software Engineer,777602,Chennai,2022-09-22
Rohan Chhabra,jainmishti@gmail.com,B.Sc,ECE,2021,Infosys,Software Engineer,409493,Pune,2024-12-30
Vaibhav Sengupta,adira02@yahoo.com,B.Sc,Mechanical,2024,Deloitte,Support Engineer,701483,Delhi,2024-02-27
Sahil Amble,gsheth@gmail.com,B.Sc,EEE,2021,Wipro,System Engineer,553222,Delhi,2022-07-24
Miraya Taneja,thakurreyansh@gmail.com,B.Sc,EEE,2022,Amazon,Web Developer,1175047,Pune,2024-08-20
Tiya Anne,aayush82@lad.org,B.Sc,CSE,2020,Microsoft,Data Analyst,680840,Mumbai,2024-04-29
Seher Aggarwal,reyansh63@yahoo.com,BA,ECE,2023,IBM,Consultant,405767,Bangalore,2022-10-09
Myra Krishnamurthy,dalalpriyansh@sood.com,BA,EEE,2023,Infosys,Support Engineer,343006,Hyderabad,2022-04-23
Ivan Chander,rsoman@sule.info,BCA,Mechanical,2022,Accenture,Web Developer,924387,Delhi,2024-05-26
Bhavin Venkataraman,agrawaldhruv@yahoo.com,B.Tech,EEE,2022,IBM,Software Engineer,1008245,Delhi,2023-10-28
Ranbir Dhaliwal,kavyadewan@ganguly.com,B.Com,Mechanical,2024,Capgemini,Data Analyst,530072,Hyderabad,2022-04-27
Hansh Biswas,edeo@batra.com,B.Com,Civil,2020,Google,Web Developer,429491,Hyderabad,2022-11-17
Priyansh Kakar,drishya20@hotmail.com,BCA,Mechanical,2023,Microsoft,Data Analyst,807853,Chennai,2024-08-28
Ahana  Bhat,ojas74@bassi.com,B.Tech,Mechanical,2024,Accenture,Web Developer,691629,Delhi,2023-02-06
Bhamini Rajan,raghavguha@yahoo.com,B.Sc,CSE,2024,Amazon,System Engineer,551042,Bangalore,2025-02-15
Tanya Sibal,reneeborra@madan-vig.net,BA,Mechanical,2023,Wipro,System Engineer,1063888,Chennai,2024-01-02
Advik Singhal,vwalla@bahl.com,BA,Mechanical,2022,Infosys,Software Engineer,483828,Bangalore,2025-01-14
Damini Chopra,miraya24@hotmail.com,B.Com,Mechanical,2020,Amazon,Web Developer,1171285,Chennai,2022-08-05
Amani Bumb,qgill@behl-din.net,B.Tech,CSE,2023,TCS,Data Analyst,366568,Hyderabad,2024-12-12
Chirag Mangat,faiyazbains@dass.com,B.Com,EEE,2020,Microsoft,Consultant,918911,Delhi,2023-06-30
Devansh Dhaliwal,kotaaarush@gmail.com,BA,Mechanical,2023,Microsoft,Software Engineer,687653,Pune,2024-09-04
Divyansh Srinivasan,raghavrastogi@sha-sabharwal.com,BA,Mechanical,2021,Accenture,Support Engineer,558780,Bangalore,2024-05-07
Zara Bahri,eva03@hotmail.com,B.Sc,ECE,2021,Infosys,Software Engineer,837821,Delhi,2022-11-15
Zoya Salvi,vidur57@kunda.biz,B.Com,EEE,2022,Accenture,Support Engineer,562891,Chennai,2024-04-21
Amani Bakshi,jayant82@gmail.com,B.Com,ECE,2020,Google,Web Developer,731105,Pune,2022-09-09
Priyansh Madan,ncomar@andra.com,BA,EEE,2020,TCS,Web Developer,1045156,Delhi,2022-06-20
Alisha Behl,rohan15@hotmail.com,B.Com,ECE,2020,Capgemini,Data Analyst,770129,Pune,2024-10-12
Azad Char,bhatvidur@jaggi-dubey.com,B.Sc,ECE,2020,Google,Data Analyst,883125,Hyderabad,2024-09-09
Lakshay Sastry,vedika63@hotmail.com,B.Com,CSE,2020,TCS,Software Engineer,702524,Delhi,2023-01-02
Ranbir Das,vritikakashyap@hotmail.com,B.Tech,CSE,2021,TCS,Software Engineer,945439,Mumbai,2022-10-22
Akarsh Gupta,shanayabhatt@hotmail.com,B.Com,ECE,2021,Google,Support Engineer,780416,Mumbai,2023-11-28
Vanya Devi,vardaniya44@hotmail.com,BCA,IT,2022,Microsoft,Consultant,362920,Hyderabad,2024-07-09
Kiaan Wali,yakshit26@hotmail.com,B.Com,Civil,2021,TCS,Consultant,877094,Mumbai,2025-04-04
Vedika Koshy,bhavsararnav@comar-varkey.com,B.Com,EEE,2020,Google,Support Engineer,822380,Pune,2024-11-26
Kashvi Mandal,ivan87@dugar.com,BCA,Civil,2020,IBM,System Engineer,639385,Delhi,2025-03-31
Akarsh Dhingra,tejas79@hotmail.com,B.Sc,CSE,2020,Capgemini,Support Engineer,680916,Delhi,2023-02-22
Samar Ahuja,samar47@balasubramanian-lad.com,B.Sc,ECE,2023,Wipro,Support Engineer,528254,Hyderabad,2023-03-19
Armaan Dash,pari39@sachdev.com,B.Tech,Mechanical,2023,Wipro,Software Engineer,1153124,Mumbai,2023-11-26
Piya Bhalla,aarush28@gmail.com,BBA,Civil,2023,TCS,Web Developer,940061,Chennai,2023-04-26
Tanya Contractor,yasminkuruvilla@gmail.com,B.Com,ECE,2024,IBM,Consultant,1197615,Pune,2024-08-29
Divyansh Tara,vritikasant@gmail.com,BA,CSE,2020,Accenture,Consultant,658402,Delhi,2023-05-14
Divyansh Warrior,gkapoor@shere-iyer.com,B.Com,Civil,2022,Infosys,Support Engineer,992925,Bangalore,2024-10-20
Aayush Bhattacharyya,jayant11@hotmail.com,BCA,Civil,2024,Google,Consultant,798448,Mumbai,2022-12-10
Vedika Kari,dugarshaan@gmail.com,B.Sc,EEE,2021,Microsoft,System Engineer,1056172,Delhi,2022-10-10
Myra Magar,mishtidutta@singhal-gour.com,BCA,ECE,2020,IBM,System Engineer,850486,Chennai,2024-12-01
Oorja Dhawan,ranbir75@tank.com,B.Com,Civil,2021,Deloitte,Consultant,733985,Pune,2024-09-20
Seher Goyal,zeeshankant@bhandari.com,B.Sc,EEE,2022,TCS,Data Analyst,827708,Mumbai,2023-08-12
Vritika Chopra,kiaandixit@bhakta.com,BA,EEE,2024,Capgemini,Consultant,970014,Delhi,2022-11-25
Shray Sharma,azadraju@yahoo.com,BCA,ECE,2023,Amazon,System Engineer,956567,Chennai,2023-10-21
Vivaan Bhavsar,rajsana@batra.org,B.Tech,CSE,2020,Amazon,Software Engineer,345716,Mumbai,2023-11-16
Amani Sibal,jayantgoyal@gmail.com,B.Com,ECE,2024,Infosys,System Engineer,990380,Bangalore,2024-06-14
Heer Divan,xrao@hotmail.com,B.Com,Civil,2021,Accenture,Support Engineer,503504,Bangalore,2024-07-25
Advik Das,yakshitkrishnan@yahoo.com,B.Sc,EEE,2024,IBM,Support Engineer,817400,Bangalore,2024-06-29
Rania Balakrishnan,ritvik17@hotmail.com,B.Sc,EEE,2021,Capgemini,System Engineer,1120845,Mumbai,2025-01-29
Jivin Kaul,vedika11@khurana.info,BCA,CSE,2020,Wipro,Web Developer,301121,Pune,2023-01-06
Uthkarsh Chana,devansh40@ramakrishnan.org,B.Com,Mechanical,2022,Infosys,System Engineer,348143,Delhi,2023-10-04
Nirvi Cheema,gbhatnagar@sharaf.net,B.Com,Civil,2024,Google,Support Engineer,771165,Bangalore,2025-03-31
Saanvi Khalsa,chanayuvraj@subramanian.org,B.Sc,EEE,2024,Infosys,Data Analyst,1085700,Delhi,2024-12-27
Shanaya Goyal,zainagoel@hotmail.com,BA,Civil,2023,Amazon,Software Engineer,390641,Delhi,2022-07-25
Nitya Bose,dubesara@dara.info,BCA,EEE,2021,Microsoft,Consultant,1149339,Delhi,2023-01-01
Nehmat Banik,nirvi42@gmail.com,B.Com,EEE,2022,Microsoft,Web Developer,549607,Mumbai,2023-11-01
Gatik Sarraf,lratti@gmail.com,B.Tech,ECE,2023,Infosys,Web Developer,454904,Delhi,2023-02-14
Chirag Chaudhari,amadan@basu.com,B.Sc,ECE,2022,Deloitte,Software Engineer,338780,Bangalore,2022-11-15
Nitya Balakrishnan,kalasuhana@gmail.com,B.Sc,EEE,2020,Infosys,Consultant,920510,Bangalore,2024-06-05
Misha Loke,elall@tailor.info,BCA,Mechanical,2021,Capgemini,Consultant,849452,Delhi,2022-12-10
Aarush Varty,fdube@hotmail.com,BCA,Mechanical,2022,Infosys,Software Engineer,613981,Hyderabad,2023-10-25
Rasha Konda,divitdeep@shah-loyal.com,BCA,Civil,2023,Google,Support Engineer,904561,Bangalore,2024-01-28
Aaina Dar,lakshitchaudry@kulkarni.com,BCA,EEE,2024,IBM,Web Developer,1185280,Bangalore,2024-05-01
Piya Dass,sanghviuthkarsh@maharaj-basu.com,BCA,Civil,2022,Accenture,Web Developer,1132533,Bangalore,2022-11-11
Samiha Chakrabarti,aniruddhhanda@gmail.com,BA,IT,2020,Amazon,Data Analyst,845343,Mumbai,2025-03-30
Inaaya  Randhawa,veerhalder@hotmail.com,B.Sc,Civil,2021,Capgemini,Consultant,686221,Mumbai,2023-11-10
Romil Kanda,uthkarshshankar@gmail.com,BBA,ECE,2020,IBM,Web Developer,371848,Bangalore,2023-02-14
Badal Kunda,suleindrajit@gmail.com,B.Com,IT,2023,IBM,Web Developer,796115,Bangalore,2024-03-02
Abram Gopal,sumer07@gmail.com,BCA,CSE,2023,Google,Consultant,767682,Bangalore,2024-12-17
Aarna Sidhu,vchana@hotmail.com,BA,EEE,2020,Google,System Engineer,918040,Delhi,2025-01-25
Nitara Rao,pihusaha@dua.com,B.Sc,Civil,2024,Infosys,System Engineer,725396,Delhi,2022-10-23
Shray Kulkarni,sastryeshani@yahoo.com,B.Com,EEE,2022,Wipro,System Engineer,390198,Chennai,2023-10-18
Trisha Rau,hsule@hotmail.com,B.Com,Civil,2023,TCS,Data Analyst,628123,Bangalore,2023-08-26
Mamooty Chhabra,faiyazgoel@bath.biz,B.Sc,Mechanical,2022,Accenture,Software Engineer,365979,Hyderabad,2023-04-09
Anaya Rana,mlad@agate.com,B.Com,IT,2024,Google,System Engineer,514147,Delhi,2025-03-18
Rhea Bawa,kaurkiaan@hotmail.com,B.Sc,Mechanical,2023,TCS,Support Engineer,1152223,Pune,2024-12-18
Ishita Sanghvi,viswanathantaimur@gmail.com,BCA,IT,2023,Capgemini,Software Engineer,1057886,Delhi,2023-04-19
Vritika Sathe,khushisankar@chana.biz,BA,IT,2022,IBM,System Engineer,392068,Pune,2024-06-19
Darshit Ramaswamy,anaya92@chaudhari.net,BBA,ECE,2020,TCS,Consultant,962996,Delhi,2023-12-12
Indranil Jaggi,amand@rajagopal.com,BA,EEE,2020,Google,Web Developer,497124,Mumbai,2024-03-04
Shray Bora,divitsami@loyal.com,B.Com,ECE,2020,Google,Consultant,821805,Pune,2023-10-21
Ojas Karpe,aayushmallick@hotmail.com,BA,IT,2024,IBM,System Engineer,632679,Hyderabad,2022-06-17
Hazel Tella,rdar@yahoo.com,B.Tech,EEE,2022,Wipro,Support Engineer,587773,Bangalore,2023-02-18
Kabir Randhawa,basaklakshit@yahoo.com,BCA,IT,2021,IBM,Consultant,634035,Delhi,2024-10-28
Sana Maharaj,irabhat@yogi.biz,B.Com,EEE,2024,Deloitte,Software Engineer,666592,Bangalore,2022-11-04
Amani Ray,isalvi@reddy-bala.biz,B.Com,Mechanical,2024,TCS,Support Engineer,670643,Mumbai,2025-02-04
Abram Rastogi,vardaniyadeep@thakkar.com,B.Sc,CSE,2021,Capgemini,Data Analyst,1165087,Hyderabad,2024-06-25
Charvi Bedi,azadravel@manne.com,BCA,CSE,2022,Microsoft,System Engineer,1170756,Bangalore,2024-02-27
Amira Solanki,venkataramankaira@jani.com,B.Com,CSE,2022,Google,Web Developer,1039260,Hyderabad,2024-03-01
Rhea Aggarwal,mdada@hotmail.com,BCA,EEE,2021,Wipro,Support Engineer,864128,Bangalore,2023-10-09
Uthkarsh Wali,sinhachirag@goda.com,BCA,Mechanical,2024,Deloitte,Support Engineer,1100270,Bangalore,2025-02-24
Fateh Deep,rsangha@sanghvi.net,BCA,IT,2022,IBM,Consultant,920089,Hyderabad,2022-07-01
Purab Shah,hazelchahal@yahoo.com,B.Sc,Mechanical,2024,Microsoft,Support Engineer,419315,Hyderabad,2023-08-20
Aayush Subramaniam,kismat15@gmail.com,B.Sc,Mechanical,2021,IBM,Data Analyst,1138384,Hyderabad,2023-12-22
Jivika Upadhyay,ovohra@gmail.com,B.Com,CSE,2023,TCS,Consultant,948479,Hyderabad,2023-10-09
Khushi Bali,maharajnirvaan@soni.com,BCA,ECE,2022,Google,Support Engineer,978672,Delhi,2023-08-13
Uthkarsh Bir,ybhargava@toor.biz,BA,CSE,2024,Google,System Engineer,720444,Delhi,2024-10-21
Hiran Sibal,nirvi33@yahoo.com,BBA,EEE,2023,Infosys,Web Developer,983790,Pune,2022-09-04
Vihaan Arya,zkari@yahoo.com,B.Tech,CSE,2023,Amazon,Data Analyst,307736,Pune,2024-09-12
Mannat Dewan,ishaan84@gmail.com,B.Tech,CSE,2022,TCS,Data Analyst,503235,Hyderabad,2023-12-14
Baiju Bal,balakrishnananaya@yahoo.com,B.Com,Mechanical,2022,TCS,System Engineer,414218,Pune,2022-07-22
Vedika Sangha,lbhatti@gmail.com,BBA,CSE,2022,Amazon,Support Engineer,1086508,Mumbai,2025-01-02
Dhanush Barad,krish38@yahoo.com,B.Sc,Civil,2021,Wipro,Consultant,492876,Mumbai,2023-08-23
Armaan Kar,bsundaram@dutt.net,BA,ECE,2023,TCS,Software Engineer,937185,Pune,2022-05-20
Shayak Bumb,sunderarmaan@gmail.com,B.Com,CSE,2023,Google,Software Engineer,413885,Bangalore,2023-08-03
Hunar Sandal,shahraghav@ahuja.com,B.Tech,Mechanical,2020,Capgemini,Data Analyst,370049,Hyderabad,2023-04-14
Zain Raju,mlal@gmail.com,B.Sc,Civil,2021,Microsoft,Support Engineer,450759,Chennai,2023-04-10
Bhavin Barman,advikshanker@gmail.com,BA,CSE,2020,IBM,System Engineer,455482,Bangalore,2022-08-24
Rasha Dave,obajwa@dar-balay.com,B.Tech,IT,2024,Infosys,Web Developer,886423,Hyderabad,2022-12-06
Hunar Agarwal,shray07@keer-gopal.info,BCA,EEE,2020,TCS,Web Developer,619679,Pune,2023-10-28
Vivaan Sehgal,senindranil@jani-varughese.com,BBA,EEE,2022,Wipro,Consultant,413682,Mumbai,2024-02-24
Misha Kale,lbumb@dugal.org,BCA,EEE,2021,Deloitte,Support Engineer,904088,Mumbai,2025-03-29
Mahika Sangha,anya69@venkatesh.com,BCA,ECE,2022,Capgemini,Consultant,987493,Chennai,2022-10-08
Pihu Barman,vaibhav87@yahoo.com,BA,IT,2024,TCS,System Engineer,480069,Pune,2025-01-05
Hansh Agate,zain88@hotmail.com,B.Sc,CSE,2021,Wipro,Software Engineer,617910,Pune,2023-05-03
Amani Master,drishyakala@karpe.com,B.Com,EEE,2023,Google,Support Engineer,684103,Chennai,2023-07-23
Divyansh Sachar,myra86@ravel-bava.com,B.Com,EEE,2022,Deloitte,Web Developer,1016108,Hyderabad,2023-11-04
Mamooty Jayaraman,emirtaneja@jayaraman-hans.biz,BA,ECE,2020,Google,Consultant,801909,Hyderabad,2024-01-31
Kartik Kanda,hridaansinghal@raman.com,B.Com,EEE,2020,Amazon,Data Analyst,418990,Hyderabad,2024-03-30
Keya Ratta,akarsh38@yahoo.com,B.Sc,IT,2022,Accenture,Support Engineer,1065545,Pune,2023-10-09
Nehmat Deshmukh,kramanathan@hora-sandal.com,B.Sc,IT,2020,Deloitte,Data Analyst,1086871,Chennai,2022-12-30
Aniruddh Kala,aaryahibahl@gmail.com,B.Sc,Mechanical,2024,Capgemini,Support Engineer,500860,Chennai,2025-02-16
Myra Cherian,grewalzara@yahoo.com,BA,IT,2024,Google,Consultant,973870,Delhi,2023-05-14
Nehmat Jhaveri,saksham64@dewan.com,BA,Civil,2024,Amazon,System Engineer,489605,Bangalore,2025-03-09
Vanya Rajagopal,kannanamani@hotmail.com,B.Com,EEE,2024,Amazon,System Engineer,553571,Pune,2024-12-05
Nishith Saha,jseth@dhar-suresh.com,B.Com,CSE,2021,Deloitte,Consultant,1005950,Delhi,2022-12-05
Kiaan Majumdar,gdass@dass-mani.com,BBA,ECE,2023,Microsoft,System Engineer,366648,Chennai,2023-12-07
Neysa Bajaj,chowdhuryumang@yahoo.com,BA,Civil,2021,IBM,Web Developer,968617,Chennai,2023-08-08
Zaina Chandran,dhruv81@gmail.com,BA,ECE,2022,IBM,Data Analyst,543055,Hyderabad,2024-08-22
Anya Kapur,daminichar@gmail.com,BA,Mechanical,2020,Capgemini,Support Engineer,1111848,Chennai,2022-10-16
Madhav Chada,laldarshit@yahoo.com,B.Com,ECE,2020,Microsoft,Software Engineer,339979,Hyderabad,2023-06-29
Suhana Apte,guptaalisha@yahoo.com,B.Sc,ECE,2021,Google,Support Engineer,668976,Delhi,2022-06-12
Madhav Chaudhry,hzacharia@hotmail.com,BBA,EEE,2021,Capgemini,System Engineer,1114195,Pune,2023-06-17
Tiya Sachdev,guhaahana@varughese.net,BA,IT,2023,Microsoft,Support Engineer,742373,Chennai,2024-03-31
Aarush Devan,shakimaya@kant-sane.org,BCA,CSE,2024,Capgemini,Support Engineer,1086510,Delhi,2024-01-07
Saanvi Sehgal,diya42@atwal.com,B.Com,IT,2024,Infosys,System Engineer,1154361,Hyderabad,2023-06-08
Charvi Suresh,madhup55@sanghvi.com,B.Tech,Mechanical,2022,IBM,Support Engineer,1135563,Delhi,2022-10-25
Ivan Manda,advikamadan@jhaveri.com,BBA,EEE,2020,Capgemini,Data Analyst,1161540,Hyderabad,2022-07-23
Heer Kala,divij83@chakraborty.biz,BA,ECE,2022,TCS,Consultant,613249,Pune,2023-08-07
Arnav Kulkarni,wshah@ray-bhagat.com,BBA,CSE,2020,Capgemini,Web Developer,891130,Pune,2024-02-28
Ahana  Handa,nehmat58@yahoo.com,BBA,IT,2024,IBM,Software Engineer,933395,Pune,2023-01-17
Shayak Toor,khatrikiaan@chaudry.info,B.Com,ECE,2023,Infosys,Consultant,301425,Chennai,2022-06-28
Romil Chatterjee,diya47@hotmail.com,B.Tech,Civil,2022,IBM,Web Developer,644543,Bangalore,2023-06-06
Vardaniya Khanna,fchadha@tella-kumar.biz,B.Com,Civil,2020,Capgemini,Data Analyst,395998,Bangalore,2023-01-04
Madhup Bhagat,cchakraborty@dhillon-wable.com,BCA,EEE,2023,Capgemini,Web Developer,1030320,Chennai,2024-04-11
Manjari Ravel,bassidarshit@gmail.com,BBA,Civil,2024,Accenture,Consultant,1181588,Mumbai,2024-09-29
Mahika Sampath,zeeshan26@ramachandran.net,B.Sc,EEE,2020,Amazon,Data Analyst,564619,Chennai,2022-12-29
Khushi Behl,capte@chana-rana.com,BBA,EEE,2024,Accenture,Web Developer,456171,Hyderabad,2022-09-05
Ritvik Thakur,chaudryrhea@hotmail.com,BCA,CSE,2021,Microsoft,System Engineer,393074,Hyderabad,2024-12-13
Lakshit Gandhi,jdugar@gmail.com,BBA,ECE,2021,Infosys,Consultant,604683,Bangalore,2024-06-03
Nehmat Atwal,seher11@hotmail.com,BBA,IT,2020,Deloitte,System Engineer,348538,Mumbai,2025-03-13
Shlok Sama,isahni@sood.com,B.Tech,IT,2023,Accenture,Web Developer,558238,Hyderabad,2023-02-20
Arnav Lalla,wasondhruv@yogi-lal.com,BCA,CSE,2021,Deloitte,Software Engineer,781258,Hyderabad,2023-07-13
Hiran Vig,ibera@gmail.com,BBA,EEE,2022,IBM,Web Developer,440224,Chennai,2024-01-22
Priyansh Shroff,vaibhavkeer@kibe.com,BBA,CSE,2021,Capgemini,Support Engineer,923793,Chennai,2024-04-24
Dhanuk Koshy,wdash@keer.info,B.Com,IT,2022,IBM,Support Engineer,358785,Bangalore,2022-08-12
Mamooty Sodhi,zaina70@gmail.com,B.Sc,CSE,2021,Deloitte,Data Analyst,968292,Pune,2025-03-20
Nehmat Sinha,divyanshrattan@hotmail.com,B.Sc,ECE,2020,Capgemini,System Engineer,1174573,Delhi,2025-01-16
Ehsaan Sani,ranaanahita@gmail.com,BBA,ECE,2020,IBM,Web Developer,447175,Pune,2022-05-24
Misha Kapur,alia05@yahoo.com,B.Sc,Civil,2020,Deloitte,Support Engineer,482002,Hyderabad,2023-03-24
Nehmat Arora,dewanvardaniya@gmail.com,B.Sc,Civil,2024,Microsoft,Web Developer,329200,Hyderabad,2022-07-15
Aayush Biswas,ndar@yahoo.com,BCA,ECE,2020,Google,Consultant,325137,Chennai,2023-09-15
Vivaan Mallick,vohrataimur@yahoo.com,BA,CSE,2020,Capgemini,Web Developer,1190049,Bangalore,2025-03-28
Arnav Kuruvilla,trisha23@dutta.biz,BBA,CSE,2020,Wipro,Data Analyst,543972,Mumbai,2024-10-05
Lavanya Chopra,shayakbhalla@gmail.com,BCA,CSE,2024,Capgemini,System Engineer,426980,Delhi,2024-04-29
Piya Kaur,mamooty59@yahoo.com,B.Com,ECE,2022,TCS,Web Developer,1100354,Pune,2023-01-21
Faiyaz Talwar,chadvivaan@yahoo.com,B.Com,Civil,2022,Google,Web Developer,756215,Chennai,2023-01-28
